symbol,company,market_cap_cr,rank,cap_tier
500325,RELIANCE INDUSTRIES LTD.,1970806.49,1,Large
500180,HDFC BANK LTD.,1516760.98,2,Large
532454,BHARTI AIRTEL LTD.,1136206.71,3,Large
532540,TATA CONSULTANCY SERVICES LTD.,1129582.00,4,Large
532174,ICICI BANK LTD.,999123.08,5,Large
500112,STATE BANK OF INDIA,809938.33,6,Large
500209,INFOSYS LTD.,635239.14,7,Large
500034,BAJAJ FINANCE LIMITED,608134.07,8,Large
500696,HINDUSTAN UNILEVER LTD.,582491.65,9,Large
543526,LIFE INSURANCE CORPORATION OF,565211.08,10,Large
500510,LARSEN & TOUBRO LTD.,518705.11,11,Large
500875,ITC LTD.,511810.19,12,Large
532500,MARUTI SUZUKI INDIA LTD.,470436.83,13,Large
500520,MAHINDRA & MAHINDRA LTD.,431855.41,14,Large
532281,HCL TECHNOLOGIES LTD.,418792.29,15,Large
500247,KOTAK MAHINDRA BANK LTD.,415421.99,16,Large
524715,SUN PHARMACEUTICAL INDUSTRIES,404420.99,17,Large
532215,AXIS BANK LTD.,363130.14,18,Large
532538,ULTRATECH CEMENT LTD.,358018.85,19,Large
532978,BAJAJ FINSERV LTD.,324489.30,20,Large
500114,TITAN COMPANY LIMITED,323564.13,21,Large
532555,NTPC LTD.,323250.29,22,Large
541154,Hindustan Aeronautics Limited,309430.25,23,Large
532921,ADANI PORTS AND SPECIAL ECONOM,308622.99,24,Large
500312,OIL AND NATURAL GAS CORPORATIO,303870.15,25,Large
543320,Eternal Limited,297118.98,26,Large
500049,BHARAT ELECTRONICS LTD.,293001.17,27,Large
512599,ADANI ENTERPRISES LTD.,284353.71,28,Large
540376,Avenue Supermarts Limited,275699.87,29,Large
500228,JSW STEEL LTD.,270427.03,30,Large
533096,ADANI POWER LTD.,264347.71,31,Large
507685,WIPRO LTD.,263358.28,32,Large
532898,POWER GRID CORPORATION OF INDI,262670.09,33,Large
500820,ASIAN PAINTS LTD.,246424.12,34,Large
532977,BAJAJ AUTO LTD.,245111.96,35,Large
533278,COAL INDIA LTD.,237343.05,36,Large
500790,NESTLE INDIA LTD.,233639.46,37,Large
539448,InterGlobe Aviation Limited,219754.62,38,Large
530965,INDIAN OIL CORPORATION LTD.,216854.59,39,Large
500470,TATA STEEL LTD.,209335.94,40,Large
500570,TATA MOTORS PASSENGER VEHICLES,203406.63,41,Large
500188,HINDUSTAN ZINC LTD.,200291.02,42,Large
543940,Jio Financial Services Limited,197591.78,43,Large
544274,HYUNDAI MOTOR INDIA LIMITED,190810.38,44,Large
500300,GRASIM INDUSTRIES LTD.,190057.04,45,Large
540719,SBI Life Insurance Company Lim,189233.49,46,Large
500295,VEDANTA LIMITED,188331.12,47,Large
532868,DLF LTD.,187698.27,48,Large
505200,EICHER MOTORS LTD.,179560.40,49,Large
500251,TRENT LTD.,173112.36,50,Large
500440,HINDALCO INDUSTRIES LTD.,170768.88,51,Large
532488,DIVIS LABORATORIES LTD.,169468.93,52,Large
540777,HDFC LIFE INSURANCE COMPANY LI,164675.65,53,Large
540005,LTIMindtree Limited,163646.75,54,Large
541450,Adani Green Energy Limited,163194.78,55,Large
543257,Indian Railway Finance Corpora,163095.99,56,Large
540180,Varun Beverages Limited,160499.84,57,Large
532343,TVS MOTOR COMPANY LTD.,158852.14,58,Large
500331,PIDILITE INDUSTRIES LTD.,152292.46,59,Large
500547,BHARAT PETROLEUM CORPORATION L,148424.54,60,Large
532755,TECH MAHINDRA LTD.,147723.94,61,Large
500490,BAJAJ HOLDINGS & INVESTMENT LT,141510.23,62,Large
500825,BRITANNIA INDUSTRIES LTD.,141269.72,63,Large
500425,AMBUJA CEMENTS LTD.,140891.14,64,Large
544574,Tata Capital Limited,138787.15,65,Large
532134,BANK OF BARODA,135270.73,66,Large
511243,CHOLAMANDALAM INVESTMENT AND F,134986.51,67,Large
511218,Shriram Finance Limited,134243.22,68,Large
544569,Tata Motors Limited,133977.94,69,Large
532461,PUNJAB NATIONAL BANK,130928.80,70,Large
544658,ICICI Prudential Asset Managem,129961.88,71,Large
532810,POWER FINANCE CORPORATION LTD.,129277.43,72,Large
532725,SOLAR INDUSTRIES INDIA LTD.,127236.78,73,Large
533398,MUTHOOT FINANCE LTD.,125431.07,74,Large
500400,TATA POWER CO.LTD.,124846.99,75,Large
500087,CIPLA LTD.,123546.65,76,Large
500420,TORRENT PHARMACEUTICALS LTD.,122668.10,77,Large
532424,GODREJ CONSUMER PRODUCTS LTD.,121715.49,78,Large
543287,Lodha Developers Limited,120421.65,79,Large
541729,HDFC Asset Management Company,117500.29,80,Large
532155,GAIL (INDIA) LTD.,117132.53,81,Large
532483,CANARA BANK,114295.61,82,Large
543220,Max Healthcare Institute Limit,113898.16,83,Large
544390,Siemens Energy India Limited,112972.26,84,Large
500550,SIEMENS LTD.,112489.54,85,Large
543237,Mazagon Dock Shipbuilders Limi,112305.49,86,Large
500530,BOSCH LTD.,112075.27,87,Large
500002,ABB INDIA LIMITED,111551.92,88,Large
517334,Samvardhana Motherson Internat,111481.18,89,Large
500480,CUMMINS INDIA LTD.,111413.27,90,Large
500800,TATA CONSUMER PRODUCTS LIMITED,111179.84,91,Large
500093,CG Power and Industrial Soluti,110919.33,92,Large
544576,LG Electronics India Limited,109777.98,93,Large
542652,Polycab India Limited,109480.30,94,Large
532477,UNION BANK OF INDIA,108930.04,95,Large
539254,Adani Energy Solutions Limited,108350.36,96,Large
508869,APOLLO HOSPITALS ENTERPRISE LT,107947.81,97,Large
500850,INDIAN HOTELS CO.LTD.,105952.22,98,Large
500182,HERO MOTOCORP LTD.,105539.37,99,Large
500124,DR.REDDYS LABORATORIES LTD.,105177.44,100,Large
500387,SHREE CEMENT LTD.,104508.85,101,Mid
532286,JINDAL STEEL LIMITED,103391.88,102,Mid
544285,SWIGGY LIMITED,103022.26,103,Mid
500116,IDBI BANK LTD.,102939.06,104,Mid
543904,Mankind Pharma Limited,99913.07,105,Mid
532814,INDIAN BANK,99682.66,106,Mid
534816,INDUS TOWERS LIMITED,99636.18,107,Mid
532432,UNITED SPIRITS LTD.,99542.73,108,Mid
532754,GMR Airports Limited,98984.11,109,Mid
532955,REC LIMITED,98216.75,110,Mid
532321,Zydus Lifesciences Limited,97833.34,111,Mid
540716,ICICI Lombard General Insuranc,96784.33,112,Mid
544603,Billionbrains Garage Ventures,95901.88,113,Mid
540699,Dixon Technologies (India) Lim,95876.49,114,Mid
532822,VODAFONE IDEA LIMITED,94047.77,115,Mid
517354,HAVELLS INDIA LTD.,93918.19,116,Mid
531642,MARICO LTD.,93869.34,117,Mid
500104,HINDUSTAN PETROLEUM CORPORATIO,93187.56,118,Mid
544277,Waaree Energies Limited,92834.51,119,Mid
544252,Bajaj Housing Finance Limited,91541.61,120,Mid
500096,DABUR INDIA LTD.,90962.01,121,Mid
500257,LUPIN LTD.,90702.50,122,Mid
533148,JSW ENERGY LTD,90092.40,123,Mid
540133,ICICI Prudential Life Insuranc,89707.08,124,Mid
533179,PERSISTENT SYSTEMS LTD.,89266.68,125,Mid
544162,Bharti Hexacom Limited,88892.40,126,Mid
532777,INFO EDGE (INDIA) LTD.,88707.76,127,Mid
503806,SRF LTD.,88539.71,128,Mid
500103,BHARAT HEAVY ELECTRICALS LTD.,87271.84,129,Mid
543187,HITACHI ENERGY INDIA LIMITED,86858.01,130,Mid
544632,Meesho Limited,86452.03,131,Mid
544289,NTPC GREEN ENERGY LIMITED,84832.94,132,Mid
543390,PB Fintech Limited,83049.35,133,Mid
533098,NHPC LTD.,83001.88,134,Mid
543066,SBI CARDS AND PAYMENT SERVICES,82604.93,135,Mid
500477,ASHOK LEYLAND LTD.,82078.91,136,Mid
532667,SUZLON ENERGY LTD.,79526.98,137,Mid
540691,Aditya Birla Capital Ltd,79362.02,138,Mid
543396,One 97 Communications Limited,76908.32,139,Mid
532388,INDIAN OVERSEAS BANK,74120.30,140,Mid
532466,ORACLE FINANCIAL SERVICES SOFT,74085.04,141,Mid
544600,Lenskart Solutions Limited,73287.72,142,Mid
522275,GE Vernova T&D India Limited,72679.42,143,Mid
542649,Rail Vikas Nigam Limited,70914.02,144,Mid
533274,PRESTIGE ESTATES PROJECTS LTD.,70851.82,145,Mid
512455,LLOYDS METALS AND ENERGY LTD.,70818.96,146,Mid
532539,UNO Minda Limited,70476.50,147,Mid
532843,FORTIS HEALTHCARE LTD.,70000.68,148,Mid
543384,FSN E-Commerce Ventures Limite,68636.17,149,Mid
533106,OIL INDIA LTD.,68181.46,150,Mid
542066,ADANI TOTAL GAS LIMITED,67979.87,151,Mid
506395,COROMANDEL INTERNATIONAL LTD.,67915.15,152,Mid
540755,General Insurance Corporation,66431.89,153,Mid
532648,YES BANK LTD.,66365.05,154,Mid
544307,Vishal Mega Mart Limited,66115.14,155,Mid
500488,ABBOTT INDIA LTD.,65871.14,156,Mid
532779,TORRENT POWER LTD.,65811.80,157,Mid
524804,AUROBINDO PHARMA LTD.,65677.44,158,Mid
526371,NMDC LTD.,65186.37,159,Mid
539523,Alkem Laboratories Limited,64336.27,160,Mid
509480,BERGER PAINTS INDIA LTD.,64186.04,161,Mid
500290,MRF LTD.,64072.74,162,Mid
500368,Patanjali Foods Limited,63746.91,163,Mid
533150,GODREJ PROPERTIES LTD,63667.84,164,Mid
544429,HDB FINANCIAL SERVICES LIMITED,63476.76,165,Mid
533519,L&T Finance Limited,63084.07,166,Mid
543994,JSW Infrastructure Limited,62718.71,167,Mid
505790,Schaeffler India Limited,62598.42,168,Mid
532187,INDUSIND BANK LTD.,62528.05,169,Mid
532508,JINDAL STAINLESS LTD.,61867.59,170,Mid
540611,AU Small Finance Bank Limited,61420.12,171,Mid
500830,COLGATE-PALMOLIVE (INDIA) LTD.,61273.12,172,Mid
533273,OBEROI REALTY LTD.,61134.68,173,Mid
500493,BHARAT FORGE LTD.,61062.14,174,Mid
512070,UPL LIMITED,60521.71,175,Mid
532541,COFORGE LIMITED,59323.62,176,Mid
503100,THE PHOENIX MILLS LTD,57964.35,177,Mid
532149,BANK OF INDIA,57802.62,178,Mid
539437,IDFC FIRST BANK LIMITED,57664.29,179,Mid
540762,Tube Investments of India Ltd,57612.95,180,Mid
542830,Indian Railway Catering and To,57368.63,181,Mid
541143,Bharat Dynamics Limited,57203.13,182,Mid
523642,P.I.INDUSTRIES LTD.,55993.66,183,Mid
532892,MOTILAL OSWAL FINANCIAL SERVIC,55870.25,184,Mid
532296,GLENMARK PHARMACEUTICALS LTD.,55712.57,185,Mid
500271,Max Financial Services Limited,55402.53,186,Mid
500113,STEEL AUTHORITY OF INDIA LTD.,54436.25,187,Mid
500469,FEDERAL BANK LTD.,54269.80,188,Mid
540767,NIPPON LIFE INDIA ASSET MANAGE,53988.84,189,Mid
526299,MPHASIS LTD.,53515.51,190,Mid
543278,Kalyan Jewellers India Limited,53383.73,191,Mid
523457,Linde India Limited,53245.89,192,Mid
509930,SUPREME INDUSTRIES LTD.,51140.48,193,Mid
532523,BIOCON LTD.,50156.72,194,Mid
500483,TATA COMMUNICATIONS LTD.,49907.59,195,Mid
540222,Laurus Labs Limited,49375.18,196,Mid
539177,Authum Investment & Infrastruc,49310.60,197,Mid
500163,GODFREY PHILLIPS INDIA LTD.,49052.93,198,Mid
532644,J.K.CEMENT LTD.,48678.99,199,Mid
532478,UNITED BREWERIES LTD.,48008.87,200,Mid
533758,APL APOLLO TUBES LTD.,47513.11,201,Mid
532827,PAGE INDUSTRIES LTD.,47336.26,202,Mid
500660,GLAXOSMITHKLINE PHARMACEUTICAL,46769.58,203,Mid
502355,BALKRISHNA INDUSTRIES LTD.,46618.72,204,Mid
544325,ITC Hotels Limited,46322.21,205,Mid
540678,Cochin Shipyard Limited,46225.81,206,Mid
544238,Premier Energies Limited,45789.41,207,Mid
544362,Hexaware Technologies Limited,45651.85,208,Mid
540115,L&T Technology Services Limite,45463.29,209,Mid
500575,VOLTAS LTD.,45322.25,210,Mid
534091,MULTI COMMODITY EXCHANGE OF IN,45092.61,211,Mid
542772,360 ONE WAM LIMITED,44932.24,212,Mid
540530,Housing &Urban Development Cor,44791.80,213,Mid
532525,BANK OF MAHARASHTRA,43642.98,214,Mid
500459,PROCTER & GAMBLE HYGIENE & HEA,43172.86,215,Mid
532522,PETRONET LNG LTD.,42178.04,216,Mid
544026,Indian Renewable Energy Develo,41747.74,217,Mid
544449,Anthem Biosciences Limited,41542.90,218,Mid
531344,CONTAINER CORPORATION OF INDIA,41501.97,219,Mid
532720,MAHINDRA & MAHINDRA FINANCIAL,41376.19,220,Mid
532234,NATIONAL ALUMINIUM CO.LTD.,41313.79,221,Mid
542216,DALMIA BHARAT LIMITED,41112.53,222,Mid
533155,JUBILANT FOODWORKS LTD,40943.76,223,Mid
543664,KAYNES TECHNOLOGY INDIA LIMITE,40788.86,224,Mid
500495,Escorts Kubota Limited,40130.68,225,Mid
532497,RADICO KHAITAN LTD.,40110.83,226,Mid
542812,Gujarat Fluorochemicals Limite,39087.82,227,Mid
540153,Endurance Technologies Limited,38667.47,228,Mid
517569,KEI INDUSTRIES LTD.,38632.91,229,Mid
532830,ASTRAL LIMITED,38626.78,230,Mid
500411,THERMAX LTD.,38582.74,231,Mid
544609,Physicswallah Limited,38491.00,232,Mid
532505,UCO BANK,38062.84,233,Mid
500067,BLUE STAR LTD.,37851.41,234,Mid
539551,Narayana Hrudayalaya Limited,37851.07,235,Mid
501301,TATA INVESTMENT CORPORATION LT,37809.03,236,Mid
500164,GODREJ INDUSTRIES LTD.,37682.43,237,Mid
524000,POONAWALLA FINCORP LIMITED,36984.18,238,Mid
500092,CRISIL LTD.,36290.82,239,Mid
532889,K.P.R.MILL LIMITED,36165.54,240,Mid
504973,CHOLAMANDALAM FINANCIAL HOLDIN,35795.09,241,Mid
523395,3M INDIA LTD.,35768.38,242,Mid
524494,IPCA LABORATORIES LTD.,35215.54,243,Mid
544597,Piramal Finance Limited,35105.31,244,Mid
532259,APAR INDUSTRIES LTD.,34902.43,245,Mid
533206,SJVN LTD,34832.21,246,Mid
543654,Global Health Limited,34761.46,247,Mid
500410,ACC LTD.,34699.88,248,Mid
500408,TATA ELXSI LTD.,34603.20,249,Mid
513683,NLC India Limited,34423.14,250,Mid
532885,CENTRAL BANK OF INDIA,33882.70,251,Small
543458,AWL AGRI BUSINESS LIMITED,33879.27,252,Small
542651,KPIT Technologies Ltd,33295.39,253,Small
543529,Delhivery Limited,32985.24,254,Small
540975,Aster DM Healthcare Limited,32945.32,255,Small
500086,EXIDE INDUSTRIES LTD.,32936.69,256,Small
544179,Go Digit General Insurance Lim,32606.48,257,Small
517174,HONEYWELL AUTOMATION INDIA LTD,32472.09,258,Small
532331,AJANTA PHARMA LTD.,32249.53,259,Small
543426,Metro Brands Limited,32065.72,260,Small
532683,AIA ENGINEERING LTD.,31493.50,261,Small
543064,Cohance Lifesciences Limited,31438.30,262,Small
500253,LIC HOUSING FINANCE LTD.,31409.73,263,Small
507815,GILLETTE INDIA LTD.,31179.00,264,Small
543245,Gland Pharma Limited,31064.63,265,Small
500877,APOLLO TYRES LTD.,30841.61,266,Small
540769,The New India Assurance Compan,30194.37,267,Small
534309,NBCC (India) Limited,30065.06,268,Small
523610,ITI LTD.,30012.39,269,Small
513599,HINDUSTAN COPPER LTD.,29929.32,270,Small
542011,Garden Reach Shipbuilders & En,29787.90,271,Small
543498,Motherson Sumi Wiring India Li,29601.56,272,Small
539336,Gujarat Gas Limited,29362.98,273,Small
541179,ICICI Securities Limited,29132.36,274,Small
532514,INDRAPRASTHA GAS LTD.,29027.20,275,Small
543300,Sona BLW Precision Forgings Li,28833.79,276,Small
544407,AEGIS VOPAK TERMINALS LIMITED,28632.21,277,Small
543308,Krishna Institute of Medical S,28469.14,278,Small
544028,Tata Technologies Limited,27831.74,279,Small
544606,Pine Labs Limited,27485.91,280,Small
544309,INVENTURUS KNOWLEDGE SOLUTIONS,27302.60,281,Small
539533,ELITECON INTERNATIONAL LIMITED,27167.07,282,Small
543412,Star Health and Allied Insuran,26983.32,283,Small
506943,J.B.CHEMICALS & PHARMACEUTICAL,26957.36,284,Small
520056,TVS Holdings Limited,26832.86,285,Small
532504,NAVIN FLUORINE INTERNATIONAL L,26727.26,286,Small
532947,IRB INFRASTRUCTURE DEVELOPERS,26589.24,287,Small
542920,SUMITOMO CHEMICAL INDIA LIMITE,26460.49,288,Small
542752,AFFLE 3I LIMITED,26433.39,289,Small
500003,AEGIS LOGISTICS LTD.,26422.61,290,Small
539268,Syngene International Limited,26232.12,291,Small
541153,Bandhan Bank Limited,26207.69,292,Small
544210,Emcure Pharmaceuticals Limited,26076.33,293,Small
500302,PIRAMAL ENTERPRISES LTD.,26066.51,294,Small
540902,Amber Enterprises India Limite,26019.11,295,Small
539524,Dr. Lal Pathlabs Limited,26017.44,296,Small
543635,PIRAMAL PHARMA LIMITED,25718.79,297,Small
533023,ZF Commercial Vehicle Control,25708.97,298,Small
543988,Nuvama Wealth Management Limit,25540.53,299,Small
500109,MANGALORE REFINERY & PETROCHEM,25242.22,300,Small
500260,THE RAMCO CEMENTS LIMITED,25044.43,301,Small
543299,Shyam Metalics and Energy Limi,24905.91,302,Small
531162,EMAMI LTD.,24544.82,303,Small
539083,Inox Wind Limited,24539.03,304,Small
532809,FIRSTSOURCE SOLUTIONS LTD.,24403.64,305,Small
506401,DEEPAK NITRITE LTD.,24199.42,306,Small
500840,EIH LTD.,23927.82,307,Small
532300,WOCKHARDT LTD.,23916.61,308,Small
539006,PTC Industries Ltd.,23911.16,309,Small
500680,PFIZER LTD.,23802.19,310,Small
543415,Anand Rathi Wealth Limited,23643.42,311,Small
540680,KIOCL Limited,23624.30,312,Small
531213,Manappuram Finance Ltd,23545.40,313,Small
540173,PNB Housing Finance Limited,23490.96,314,Small
532929,BRIGADE ENTERPRISES LTD.,23416.88,315,Small
506285,BAYER CROPSCIENCE LTD.,23405.20,316,Small
543374,Aditya Birla Sun Life AMC Limi,23403.38,317,Small
544467,National Securities Depository,23327.93,318,Small
522113,TIMKEN INDIA LTD.,23199.59,319,Small
500184,Himadri Speciality Chemical Lt,23186.92,320,Small
500033,FORCE MOTORS LTD.,23014.93,321,Small
532144,WELSPUN CORP LIMITED,22987.79,322,Small
543235,ANGEL ONE LIMITED,22921.14,323,Small
500770,TATA CHEMICALS LTD.,22735.03,324,Small
515030,ASAHI INDIA GLASS LTD.,22714.94,325,Small
506820,ASTRAZENECA PHARMA INDIA LTD.,22583.64,326,Small
540596,Eris Lifesciences Limited,22572.77,327,Small
500084,CESC LTD.,22519.02,328,Small
517271,HBL ENGINEERING LIMITED,22517.02,329,Small
532733,SUN TV NETWORK LTD.,22228.17,330,Small
544282,Sagility Limited,21900.41,331,Small
544081,Jyoti CNC Automation Limited,21734.43,332,Small
544176,Aadhar Housing Finance Limited,21636.16,333,Small
532714,KEC INTERNATIONAL LTD.,21634.91,334,Small
532636,IIFL FINANCE LIMITED,21399.40,335,Small
532805,Redington Limited,21393.29,336,Small
531531,HATSUN AGRO PRODUCT LTD.,21359.98,337,Small
541770,CreditAccess Grameen Ltd.,21268.38,338,Small
544515,Urban Company Limited,21168.92,339,Small
532642,JSW HOLDINGS LIMITED,21053.46,340,Small
533295,PUNJAB & SIND BANK,21026.53,341,Small
544292,Onesource Specialty Pharma Lim,20904.41,342,Small
522287,KALPATARU PROJECTS INTERNATION,20879.38,343,Small
544397,Ather Energy Limited,20851.53,344,Small
500403,SUNDRAM FASTENERS LTD.,20686.04,345,Small
515055,ANANT RAJ LIMITED,20543.64,346,Small
500040,ADITYA BIRLA REAL ESTATE LIMIT,20443.24,347,Small
544225,Ola Electric Mobility Limited,20391.20,348,Small
542399,Chalet Hotels Limited,20367.89,349,Small
500085,CHAMBAL FERTILISERS & CHEMICAL,20317.27,350,Small
532927,ECLERX SERVICES LTD.,20100.75,351,Small
500870,CASTROL INDIA LTD.,19988.71,352,Small
534139,SCHNEIDER ELECTRIC INFRASTRUCT,19958.35,353,Small
531768,POLY MEDICURE LTD.,19949.92,354,Small
523367,DCM SHRIRAM LIMITED,19787.72,355,Small
543330,Devyani International Limited,19740.24,356,Small
500042,BASF INDIA LTD.,19608.85,357,Small
544612,Tenneco Clean Air India Limite,19602.79,358,Small
500165,KANSAI NEROLAC PAINTS LTD.,19574.34,359,Small
524558,NEULAND LABORATORIES LTD.,19314.29,360,Small
539876,Crompton Greaves Consumer Elec,19299.17,361,Small
543232,Computer Age Management Servic,19283.89,362,Small
500125,E.I.D.-PARRY (INDIA) LTD.,19275.29,363,Small
543720,KFin Technologies Limited,19261.81,364,Small
532939,RELIANCE POWER LTD.,19186.04,365,Small
543653,Bikaji Foods International Lim,18636.09,366,Small
500233,KAJARIA CERAMICS LTD.,18606.30,367,Small
500027,ATUL LTD.,18555.17,368,Small
504614,SARDA ENERGY & MINERALS LTD.,18465.05,369,Small
533573,ALEMBIC PHARMACEUTICALS LTD.,18407.28,370,Small
500645,DEEPAK FERTILISERS & PETROCHEM,18331.67,371,Small
544226,Brainbees Solutions Limited,18306.37,372,Small
544480,JSW CEMENT LIMITED,18253.21,373,Small
544306,Sai Life Sciences Limited,18094.20,374,Small
531595,CAPRI GLOBAL CAPITAL LIMITED,17989.45,375,Small
500008,Amara Raja Energy & Mobility L,17871.56,376,Small
506076,GRINDWELL NORTON LTD.,17855.91,377,Small
500472,SKF INDIA LTD.,17784.20,378,Small
524200,VINATI ORGANICS LTD.,17780.52,379,Small
500266,MAHARASHTRA SCOOTERS LTD.,17759.86,380,Small
530019,JUBILANT PHARMOVA LIMITED,17701.55,381,Small
504067,ZENSAR TECHNOLOGIES LTD.,17688.78,382,Small
543663,Five-Star Business Finance Ltd,17604.03,383,Small
533655,TRIVENI TURBINE LTD.,17480.38,384,Small
540065,RBL Bank Limited,17458.05,385,Small
513375,CARBORUNDUM UNIVERSAL LTD.,17436.98,386,Small
532702,GUJARAT STATE PETRONET LTD.,17393.32,387,Small
520111,RATNAMANI METALS & TUBES LTD.,17325.43,388,Small
533581,PG ELECTROPLAST LTD.,17286.88,389,Small
513023,NAVA LIMITED,17264.02,390,Small
544321,Ventive Hospitality Limited,17258.99,391,Small
532210,CITY UNION BANK LTD.,17207.04,392,Small
532548,CENTURY PLYBOARDS (I) LTD.,17169.69,393,Small
500048,BEML LTD.,16943.38,394,Small
543463,Vedant Fashions Limited,16924.38,395,Small
544403,Aditya Birla Lifestyle Brands,16915.11,396,Small
543945,NETWEB TECHNOLOGIES INDIA LIMI,16709.39,397,Small
544174,TBO TEK LIMITED,16664.44,398,Small
543960,Concord Biotech Limited,16592.77,399,Small
544466,Aditya Infotech Limited,16512.49,400,Small
544443,TRAVEL FOOD SERVICES LIMITED,16495.06,401,Small
543238,UTI Asset Management Company L,16428.23,402,Small
532784,SOBHA,16406.54,403,Small
500252,LMW Limited,16312.50,404,Small
544283,ACME Solar Holdings Limited,16266.63,405,Small
541956,IRCON International Ltd,16191.09,406,Small
505714,GABRIEL INDIA LTD.,16167.58,407,Small
532181,GUJARAT MINERAL DEVELOPMENT CO,16122.57,408,Small
543276,Craftsman Automation Limited,16014.38,409,Small
531358,CHOICE INTERNATIONAL LTD.,15972.27,410,Small
522074,ELGI EQUIPMENTS LTD.,15909.95,411,Small
524816,NATCO PHARMA LTD.,15878.78,412,Small
532953,V-GUARD INDUSTRIES LTD.,15852.18,413,Small
543335,Aptus Value Housing Finance In,15833.18,414,Small
532756,CIE Automotive India Limited,15773.71,415,Small
543990,SIGNATUREGLOBAL (INDIA) LIMITE,15769.05,416,Small
542141,Techno Electric & Engineering,15738.63,417,Small
500238,WHIRLPOOL OF INDIA LTD.,15738.00,418,Small
523405,JM FINANCIAL LTD.,15704.79,419,Small
532734,GODAWARI POWER & ISPAT LTD.,15675.71,420,Small
544280,Afcons Infrastructure Limited,15616.87,421,Small
500710,AKZO NOBEL INDIA LIMITED,15607.75,422,Small
544203,Allied Blenders and Distillers,15522.56,423,Small
524742,CAPLIN POINT LABORATORIES LTD.,15499.13,424,Small
543428,Data Patterns (India) Limited,15268.50,425,Small
544311,International Gemmological Ins,15204.18,426,Small
544045,DOMS Industries Limited,15193.51,427,Small
500620,GREAT EASTERN SHIPPING CO.LTD.,15160.05,428,Small
532783,LT FOODS LTD.,15105.37,429,Small
500241,KIRLOSKAR BROTHERS LTD.,15092.88,430,Small
544350,Dr. Agarwal's Health Care Limi,15080.91,431,Small
532605,JBM AUTO LTD.,15065.37,432,Small
543981,R R KABEL LIMITED,15033.40,433,Small
532726,GALLANTT ISPAT LIMITED,14943.12,434,Small
500106,IFCI LTD.,14856.06,435,Small
544286,NIVA BUPA HEALTH INSURANCE COM,14769.67,436,Small
542726,IndiaMART InterMESH Limited,14757.15,437,Small
543530,Paradeep Phosphates Limited,14728.40,438,Small
500878,CEAT LTD.,14685.81,439,Small
521064,TRIDENT LTD.,14666.16,440,Small
543573,Syrma SGS Technology Limited,14512.79,441,Small
543524,Rainbow Children's Medicare Li,14494.07,442,Small
538835,INTELLECT DESIGN ARENA LIMITED,14485.60,443,Small
541557,Fine Organic Industries Limite,14433.81,444,Small
500043,BATA INDIA LTD.,14409.65,445,Small
543334,Nuvoco Vistas Corporation Limi,14409.37,446,Small
503310,Swan Corp Limited,14373.52,447,Small
533293,KIRLOSKAR OIL ENGINES LTD.,14319.85,448,Small
540073,BLS International Services Ltd,14271.30,449,Small
524208,AARTI INDUSTRIES LTD.,14252.25,450,Small
544408,Leela Palaces Hotels & Resorts,14179.89,451,Small
544608,Emmvee Photovoltaic Power Limi,14167.05,452,Small
500405,SUPREME PETROCHEM LTD.,14131.70,453,Small
526612,BLUE DART EXPRESS LTD.,14036.27,454,Small
531335,ZYDUS WELLNESS LTD.,14010.62,455,Small
500249,KSB LIMITED,13962.97,456,Small
506590,PCBL Chemical Limited,13943.93,457,Small
533272,JUPITER WAGONS LIMITED,13826.91,458,Small
509496,Cemindia Projects Limited,13794.89,459,Small
533339,ZEN TECHNOLOGIES LTD.,13549.35,460,Small
540750,Indian Energy Exchange Limited,13370.06,461,Small
544537,Jain Resource Recycling Limite,13342.52,462,Small
540743,Godrej Agrovet Limited,13316.11,463,Small
501425,The Bombay Burmah Trading Corp,13254.34,464,Small
532175,CYIENT LIMITED,13217.84,465,Small
544172,Indegene Limited,13214.30,466,Small
541988,AAVAS Financiers Limited,13171.56,467,Small
538962,Minda Corporation Limited,13120.10,468,Small
544405,BELRISE INDUSTRIES LIMITED,13106.72,469,Small
544012,Cello World Limited,13099.16,470,Small
532627,JAIPRAKASH POWER VENTURES LIMI,13061.01,471,Small
532928,TRANSFORMERS AND RECTIFIERS (I,13005.86,472,Small
540900,Newgen Software Technologies L,12934.59,473,Small
543275,Anupam Rasayan India Limited,12912.65,474,Small
532482,GRANULES INDIA LTD.,12802.41,475,Small
543259,Home First Finance Company Ind,12797.70,476,Small
533282,GRAVITA INDIA LTD.,12784.91,477,Small
539957,Mahanagar Gas Limited,12768.83,478,Small
517146,USHA MARTIN LTD.,12707.77,479,Small
532832,EMBASSY DEVELOPMENTS LIMITED,12701.47,480,Small
543413,Tega Industries Limited,12697.25,481,Small
541233,Lemon Tree Hotels Limited,12684.46,482,Small
502986,VARDHMAN TEXTILES LTD.,12679.56,483,Small
500294,NCC LIMITED,12649.94,484,Small
500144,FINOLEX CABLES LTD.,12635.55,485,Small
532762,ACTION CONSTRUCTION EQUIPMENT,12619.38,486,Small
544572,SKF INDIA (INDUSTRIAL) LIMITED,12609.77,487,Small
505700,ELECON ENGINEERING CO.LTD.,12486.16,488,Small
500378,JINDAL SAW LTD.,12425.67,489,Small
543297,Inox Wind Energy Limited,12410.75,490,Small
514162,WELSPUN LIVING LIMITED,12330.25,491,Small
543768,NMDC Steel Limited,12252.03,492,Small
543349,ACUTAAS CHEMICALS LIMITED,12190.95,493,Small
541556,RITES Limited,12178.35,494,Small
519600,CCL PRODUCTS (INDIA) LTD.,12161.65,495,Small
500940,FINOLEX INDUSTRIES LTD.,12094.47,496,Small
535789,Sammaan Capital Limited,12088.31,497,Small
500210,INGERSOLL-RAND (INDIA) LTD.,12067.73,498,Small
530005,INDIA CEMENTS LTD.,12014.16,499,Small
543333,CarTrade Tech Limited,11969.09,500,Small
544009,Blue Jet Healthcare Limited,11961.87,501,Small
500110,CHENNAI PETROLEUM CORPORATION,11917.78,502,Small
543959,SBFC Finance Limited,11888.82,503,Small
544583,Canara HSBC Life Insurance Com,11799.65,504,Small
543265,RailTel Corporation of India L,11782.60,505,Small
543318,Clean Science and Technology L,11732.73,506,Small
532966,TITAGARH RAIL SYSTEMS LIMITED,11720.93,507,Small
532926,JYOTHY LABS LIMITED,11720.50,508,Small
544344,SHRIRAM PISTONS & RINGS LTD,11708.64,509,Small
543322,ALIVUS LIFE SCIENCES LIMITED,11606.67,510,Small
532178,ENGINEERS INDIA LTD.,11601.29,511,Small
532209,JAMMU & KASHMIR BANK LTD.,11565.04,512,Small
532439,OLECTRA GREENTECH LIMITED,11559.56,513,Small
543317,G R Infraprojects Limited,11554.82,514,Small
500674,SANOFI INDIA LTD,11413.95,515,Small
543271,Jubilant Ingrevia Limited,11409.71,516,Small
544250,Sanofi Consumer Healthcare Ind,11294.48,517,Small
543482,Eureka Forbes Limited,11218.24,518,Small
534618,WAAREE RENEWABLE TECHNOLOGIES,11173.19,519,Small
530517,RELAXO FOOTWEARS LTD.,11144.82,520,Small
543527,Prudent Corporate Advisory Ser,11144.25,521,Small
544488,Vikram Solar Limited,11039.08,522,Small
532371,TATA TELESERVICES (MAHARASHTRA,11031.58,523,Small
511196,CAN FIN HOMES LTD.,10931.58,524,Small
532400,BIRLASOFT LIMITED,10900.63,525,Small
509488,GRAPHITE INDIA LTD.,10876.70,526,Small
530007,JK TYRE & INDUSTRIES LTD.,10822.24,527,Small
544288,BlackBuck Limited,10797.51,528,Small
505537,ZEE ENTERTAINMENT ENTERPRISES,10743.64,529,Small
523025,SAFARI INDUSTRIES (INDIA) LTD.,10742.31,530,Small
500183,HFCL LIMITED,10693.56,531,Small
544046,INOX India Limited,10689.96,532,Small
544578,RUBICON RESEARCH LIMITED,10637.44,533,Small
532689,PVR INOX LIMITED,10616.16,534,Small
500380,JK LAKSHMI CEMENT LTD.,10578.23,535,Small
523598,SHIPPING CORPORATION OF INDIA,10561.47,536,Small
543350,Vijaya Diagnostic Centre Limit,10549.94,537,Small
530117,PRIVI SPECIALITY CHEMICALS LIM,10530.91,538,Small
532221,SONATA SOFTWARE LTD.,10506.78,539,Small
543280,Nazara Technologies Limited,10458.62,540,Small
544061,Azad Engineering Limited,10421.70,541,Small
543534,Aether Industries Limited,10420.65,542,Small
532922,EDELWEISS FINANCIAL SERVICES L,10411.88,543,Small
544192,Le Travenues Technology Limite,10385.50,544,Small
542650,Metropolis Healthcare Limited,10325.88,545,Small
500038,BALRAMPUR CHINI MILLS LTD.,10252.41,546,Small
520113,VESUVIUS INDIA LTD.,10245.54,547,Small
505533,WESTLIFE FOODWORLD LIMITED,10238.84,548,Small
532527,RAMKRISHNA FORGINGS LTD.,10236.81,549,Small
530343,GENUS POWER INFRASTRUCTURES LT,10142.77,550,Small
509631,HEG LTD.,10079.20,551,Small
500390,RELIANCE INFRASTRUCTURE LTD.,10042.88,552,Small
532856,TIME TECHNOPLAST LTD.,10036.19,553,Small
500126,PROCTER & GAMBLE HEALTH LIMITE,10014.12,554,Small
540575,Star Cement Limited,10009.59,555,Small
540595,Tejas Networks Limited,9997.93,556,Small
506767,ALKYL AMINES CHEMICALS LTD.,9989.52,557,Small
501423,SHAILY ENGINEERING PLASTICS LT,9987.19,558,Small
500039,BANCO PRODUCTS (INDIA) LTD.,9932.05,559,Small
531431,SHAKTI PUMPS (INDIA) LTD.,9917.98,560,Small
504346,RRP SEMICONDUCTOR LIMITED,9902.70,561,Small
512573,AVANTI FEEDS LTD.,9879.68,562,Small
542773,IIFL CAPITAL SERVICES LIMITED,9864.04,563,Small
544022,ASK Automotive Limited,9832.94,564,Small
543427,Medplus Health Services Limite,9822.32,565,Small
535755,Aditya Birla Fashion and Retai,9756.04,566,Small
513377,MMTC LTD.,9732.12,567,Small
506655,SUDARSHAN CHEMICAL INDUSTRIES,9731.84,568,Small
534076,RHI MAGNESITA INDIA LIMITED,9721.70,569,Small
544634,Aequs Limited,9690.45,570,Small
544044,India Shelter Finance Corporat,9626.97,571,Small
543980,Jupiter Life Line Hospitals Li,9608.91,572,Small
532493,ASTRA MICROWAVE PRODUCTS LTD.,9591.94,573,Small
533553,T D POWER SYSTEMS LTD.,9556.07,574,Small
542323,KPI Green Energy Limited,9517.57,575,Small
544317,Transrail Lighting Limited,9513.06,576,Small
532468,KAMA HOLDINGS LIMITED,9505.36,577,Small
500335,BIRLA CORPORATION LTD.,9492.74,578,Small
543397,Sapphire Foods India Limited,9452.06,579,Small
543425,C.E. Info Systems Limited,9440.78,580,Small
542904,Ujjivan Small Finance Bank Lim,9433.32,581,Small
539787,HealthCare Global Enterprises,9415.23,582,Small
505355,NESCO LTD.,9355.87,583,Small
512463,LLOYDS ENTERPRISES LIMITED,9303.59,584,Small
544057,Happy Forgings Limited,9250.72,585,Small
544014,Honasa Consumer Limited,9245.85,586,Small
530813,KRBL LTD.,9180.51,587,Small
544476,Jeena Sikho Lifecare Limited,9141.92,588,Small
541578,Varroc Engineering Limited,9138.78,589,Small
543358,Sansera Engineering Limited,9119.66,590,Small
543398,Latent View Analytics Limited,9087.09,591,Small
507205,TILAKNAGAR INDUSTRIES LTD.,9049.27,592,Small
544484,BlueStone Jewellery and Lifest,9026.62,593,Small
533269,VA TECH WABAG LTD.,9014.55,594,Small
533095,BENGAL & ASSAM COMPANY LTD.,8958.97,595,Small
521070,ALOK INDUSTRIES LTD.,8931.68,596,Small
504918,SANDUR MANGANESE & IRON ORES L,8928.54,597,Small
533160,VALOR ESTATE LIMITED,8858.44,598,Small
517506,TTK PRESTIGE LTD.,8855.95,599,Small
524404,MARKSANS PHARMA LTD.,8841.84,600,Small
532349,TRANSPORT CORPORATION OF INDIA,8832.06,601,Small
500463,BLACK BOX LIMITED,8804.33,602,Small
539302,Power Mech Projects Limited,8795.14,603,Small
544595,Orkla India Limited,8782.17,604,Small
532218,SOUTH INDIAN BANK LTD.,8752.13,605,Small
544469,Sri Lotus Developers and Realt,8689.19,606,Small
532976,JAI BALAJI INDUSTRIES LTD.,8649.91,607,Small
532163,SAREGAMA INDIA LTD.,8635.28,608,Small
500245,KIRLOSKAR FERROUS INDUSTRIES L,8620.59,609,Small
534809,PC JEWELLER LTD.,8577.06,610,Small
532796,LUMAX AUTO TECHNOLOGIES LTD.,8475.90,611,Small
544644,Corona Remedies Limited,8453.45,612,Small
532790,TANLA PLATFORMS LIMITED,8409.80,613,Small
540879,Apollo Micro Systems Limited,8395.17,614,Small
541974,Manorama Industries Limited,8395.09,615,Small
500101,ARVIND LTD.,8381.02,616,Small
500123,ELANTAS BECK INDIA LTD.,8368.91,617,Small
544256,P N GADGIL JEWELLERS LIMITED,8329.52,618,Small
543227,Happiest Minds Technologies Li,8327.36,619,Small
500265,MAHARASHTRA SEAMLESS LTD.,8327.11,620,Small
543523,Campus Activewear Limited,8324.99,621,Small
532915,RELIGARE ENTERPRISES LTD.,8324.24,622,Small
543490,GMR Power and Urban Infra Limi,8320.15,623,Small
543253,Mrs. Bectors Food Specialities,8292.79,624,Small
524230,RASHTRIYA CHEMICALS & FERTILIZ,8221.14,625,Small
544570,WeWork India Management Limite,8219.83,626,Small
500133,ESAB INDIA LTD.,8216.61,627,Small
532757,VOLTAMP TRANSFORMERS LTD.,8126.69,628,Small
532531,STRIDES PHARMA SCIENCE LIMITED,8100.60,629,Small
540935,Galaxy Surfactants Limited,8084.28,630,Small
532313,MAHINDRA LIFESPACE DEVELOPERS,8034.30,631,Small
533248,GUJARAT PIPAVAV PORT LTD.,8014.92,632,Small
544418,Oswal Pumps Limited,8001.55,633,Small
538666,Sharda Cropchem Limited,7999.07,634,Small
543306,Dodla Dairy Limited,7930.10,635,Small
532798,NETWORK18 MEDIA & INVESTMENTS,7923.11,636,Small
522163,DIAMOND POWER INFRASTRUCTURE L,7902.22,637,Small
500655,GARWARE HI-TECH FILMS LIMITED,7871.88,638,Small
532443,CERA SANITARYWARE LTD.,7863.70,639,Small
505283,KIRLOSKAR PNEUMATIC CO.LTD.,7844.74,640,Small
502219,BOROSIL RENEWABLES LIMITED,7839.54,641,Small
544423,Kalpataru Limited,7827.35,642,Small
532356,TRIVENI ENGINEERING & INDUSTRI,7821.41,643,Small
500690,GUJARAT STATE FERTILIZERS & CH,7800.62,644,Small
509557,GARWARE TECHNICAL FIBRES LIMIT,7781.04,645,Small
543657,Archean Chemical Industries Li,7771.45,646,Small
540047,Dilip Buildcon Limited,7654.80,647,Small
530549,SHILPA MEDICARE LTD.,7654.03,648,Small
544008,Max Estates Limited,7580.83,649,Small
539992,LLOYDS ENGINEERING WORKS LIMIT,7573.27,650,Small
532748,PRIME FOCUS LTD.,7572.10,651,Small
500413,THOMAS COOK (INDIA) LTD.,7549.96,652,Small
544619,Sudeep Pharma Limited,7546.05,653,Small
543748,Aarti Pharmalabs Limited,7527.58,654,Small
500670,GUJARAT NARMADA VALLEY FERTILI,7519.78,655,Small
533158,THANGAMAYIL JEWELLERY LTD,7505.41,656,Small
500338,PRISM JOHNSON LIMITED.,7482.78,657,Small
543669,Keystone Realtors Limited,7450.66,658,Small
544222,Akums Drugs and Pharmaceutical,7433.24,659,Small
544356,AJAX Engineering Limited,7404.57,660,Small
543532,ETHOS LIMITED,7389.16,661,Small
539150,PNC Infratech Limited,7383.59,662,Small
531599,FDC LTD.,7370.31,663,Small
543957,REDTAPE Limited,7351.11,664,Small
543596,Tamilnad Mercantile Bank Limit,7312.66,665,Small
532375,TIPS MUSIC LIMITED,7264.16,666,Small
532867,V2 RETAIL LTD.,7263.36,667,Small
544527,Atlanta Electricals Limited,7260.04,668,Small
543332,Epigral Limited,7236.00,669,Small
543667,INOX GREEN ENERGY SERVICES LIM,7232.39,670,Small
540203,Sheela Foam Limited,7209.92,671,Small
523704,MASTEK LTD.,7205.68,672,Small
534597,RATTANINDIA ENTERPRISES LIMITE,7200.66,673,Small
533286,MOIL LTD.,7198.47,674,Small
526367,GANESH HOUSING LIMITED,7197.62,675,Small
531112,BALU FORGE INDUSTRIES LIMITED,7196.39,676,Small
532553,WELSPUN ENTERPRISES LIMTED,7120.86,677,Small
544240,Raymond Lifestyle Limited,7113.01,678,Small
533033,ISGEC HEAVY ENGINEERING LTD.,7078.19,679,Small
522205,PRAJ INDUSTRIES LTD.,7072.27,680,Small
543417,RateGain Travel Technologies L,7055.37,681,Small
541195,Mishra Dhatu Nigam Limited,7042.79,682,Small
532652,KARNATAKA BANK LTD.,6991.12,683,Small
543950,YATHARTH HOSPITAL & TRAUMA CAR,6967.31,684,Small
542867,CSB Bank Limited,6965.82,685,Small
500135,EPL LIMITED,6950.73,686,Small
532668,AURIONPRO SOLUTIONS LTD.,6924.32,687,Small
535648,JUST DIAL LTD.,6872.57,688,Small
533088,MAHINDRA HOLIDAYS & RESORTS IN,6857.15,689,Small
539871,Thyrocare Technologies Limited,6845.13,690,Small
542484,Arvind Fashions Limited,6845.10,691,Small
523323,KOVAI MEDICAL CENTER & HOSPITA,6783.58,692,Small
543243,Equitas Small Finance Bank Lim,6724.61,693,Small
544421,ELLENBARRIE INDUSTRIAL GASES L,6713.69,694,Small
543441,CMS Info Systems Limited,6693.34,695,Small
532808,PEARL GLOBAL INDUSTRIES LIMITE,6666.92,696,Small
507717,DHANUKA AGRITECH LTD.,6647.53,697,Small
517385,SYMPHONY LIMITED,6552.46,698,Small
544367,QUALITY POWER ELECTRICAL EQUIP,6529.42,699,Small
532811,AHLUWALIA CONTRACTS (INDIA) LT,6516.06,700,Small
530843,CUPID LTD.,6515.89,701,Small
505726,IFB INDUSTRIES LTD.,6478.88,702,Small
544645,PARK MEDI WORLD LIMITED,6447.22,703,Small
500031,BAJAJ ELECTRICALS LTD.,6445.99,704,Small
532162,JK PAPER LTD.,6436.29,705,Small
540293,Pricol Limited,6432.48,706,Small
519126,HINDUSTAN FOODS LTD.,6393.86,707,Small
543896,Avalon Technologies Limited,6368.67,708,Small
500336,SURYA ROSHNI LTD.,6361.32,709,Small
532891,Puravankara Limited,6356.04,710,Small
544613,Fujiyama Power Systems Limited,6342.13,711,Small
540205,Aditya Vision Limited,6326.60,712,Small
533122,RATTANINDIA POWER LTD.,6318.40,713,Small
532670,SHREE RENUKA SUGARS LTD.,6285.75,714,Small
538979,Greenlam Industries Ltd,6283.74,715,Small
532509,SUPRAJIT ENGINEERING LTD.,6274.26,716,Small
522285,JAYASWAL NECO INDUSTRIES LTD.,6256.49,717,Small
534976,V-MART RETAIL LTD.,6203.89,718,Small
500214,ION EXCHANGE (INDIA) LTD.,6178.39,719,Small
512179,SUNTECK REALTY LTD.,6170.52,720,Small
544129,Juniper Hotels Limited,6162.09,721,Small
544642,Wakefit Innovations Limited,6153.64,722,Small
541019,H.G. Infra Engineering Limited,6148.02,723,Small
532835,ICRA LTD.,6140.12,724,Small
517168,SUBROS LTD.,6125.35,725,Small
532395,AXISCADES TECHNOLOGIES LIMITED,6081.90,726,Small
544580,Canara Robeco Asset Management,6074.37,727,Small
500355,RALLIS INDIA LTD.,6039.54,728,Small
532630,GOKALDAS EXPORTS LTD.,6022.85,729,Small
538567,GULF OIL LUBRICANTS INDIA LTD,6012.09,730,Small
543270,MTAR Technologies Limited,6011.49,731,Small
543336,Chemplast Sanmar Limited,5980.33,732,Small
533169,MAN INFRACONSTRUCTION LTD.,5965.71,733,Small
542760,STERLING AND WILSON RENEWABLE,5958.26,734,Small
527001,ASHAPURA MINECHEM LTD.,5957.74,735,Small
535602,SHARDA MOTOR INDUSTRIES LTD,5946.50,736,Small
530305,PICCADILY AGRO INDUSTRIES LTD.,5925.67,737,Small
500201,INDIA GLYCOLS LTD.,5917.25,738,Small
507880,V.I.P.INDUSTRIES LTD.,5892.57,739,Small
500128,ELECTROSTEEL CASTINGS LTD.,5878.27,740,Small
532804,TECHNOCRAFT INDUSTRIES (INDIA),5863.96,741,Small
539883,Pilani Investment And Industri,5809.51,742,Small
544447,SMARTWORKS COWORKING SPACES LI,5802.74,743,Small
533047,INDIAN METALS & FERRO ALLOYS L,5772.45,744,Small
543434,Supriya Lifescience Limited,5757.72,745,Small
543367,Paras Defence and Space Techno,5720.14,746,Small
500171,GHCL LTD.,5707.44,747,Small
544526,Saatvik Green Energy Limited,5695.92,748,Small
540749,MAS Financial Services Limited,5662.80,749,Small
533326,TEXMACO RAIL & ENGINEERING LTD,5653.11,750,Small
538562,SKIPPER LTD,5620.90,751,Small
531500,RAJESH EXPORTS LTD.,5610.08,752,Small
532374,STERLITE TECHNOLOGIES LTD.,5608.30,753,Small
543936,Senco Gold Limited,5559.61,754,Small
524743,FISCHER MEDICAL VENTURES LIMIT,5546.73,755,Small
544533,Seshaasai Technologies Limited,5542.35,756,Small
532899,KAVERI SEED COMPANY LTD.,5535.58,757,Small
521016,INDO COUNT INDUSTRIES LTD.,5515.64,758,Small
532638,SHOPPERS STOP LTD.,5497.22,759,Small
543258,Indigo Paints Limited,5493.56,760,Small
532768,FIEM INDUSTRIES LTD.,5481.08,761,Small
543965,TVS Supply Chain Solutions Lim,5471.57,762,Small
505509,RESPONSIVE INDUSTRIES LTD.,5456.12,763,Small
544209,Bansal Wire Industries Limited,5445.56,764,Small
543277,Laxmi Organic Industries Limit,5444.38,765,Small
544439,CRIZAC LIMITED,5442.19,766,Small
500187,AGI GREENPAC LIMITED,5412.90,767,Small
544614,Capillary Technologies India L,5378.36,768,Small
543533,eMudhra Limited,5364.23,769,Small
532942,KNR CONSTRUCTIONS LTD.,5343.18,770,Small
544322,Unimech Aerospace and Manufact,5336.09,771,Small
505255,GMM PFAUDLER LTD.,5329.76,772,Small
533271,ASHOKA BUILDCON LTD.,5298.33,773,Small
531201,SHILCHAR TECHNOLOGIES LTD.,5261.66,774,Small
505242,DYNAMATIC TECHNOLOGIES LTD.,5255.46,775,Small
539725,Gokul Agro Resources Ltd,5234.30,776,Small
524019,Kingfa Science & Technology (I,5224.26,777,Small
544027,Fedbank Financial Services Lim,5221.93,778,Small
530135,OPTIEMUS INFRACOM LTD,5203.72,779,Small
544263,KRN HEAT EXCHANGER AND REFRIGE,5183.22,780,Small
532528,DATAMATICS GLOBAL SERVICES LTD,5172.43,781,Small
517498,WEBSOL ENERGY SYSTEM LTD.,5131.69,782,Small
543626,Electronics Mart India Limited,5127.86,783,Small
532524,PTC INDIA LTD.,5094.98,784,Small
543228,Route Mobile Limited,5081.52,785,Small
539807,INFIBEAM AVENUES LIMITED,5050.12,786,Small
532189,INDIA TOURISM DEVELOPMENT CORP,5048.84,787,Small
532735,R SYSTEMS INTERNATIONAL LTD.,5046.72,788,Small
543985,ZAGGLE PREPAID OCEAN SERVICES,5042.30,789,Small
524226,GUJARAT AMBUJA EXPORTS LTD.,5031.73,790,Small
512529,SEQUENT SCIENTIFIC LTD.,4985.67,791,Small
540673,SIS LIMITED,4983.75,792,Small
538730,PDS LIMITED,4964.16,793,Small
505192,SML Mahindra Limited,4950.18,794,Small
500185,HINDUSTAN CONSTRUCTION CO.LTD.,4947.94,795,Small
544122,Entero Healthcare Solutions Li,4936.01,796,Small
500404,SUNFLAG IRON & STEEL CO.LTD.,4918.67,797,Small
500407,SWARAJ ENGINES LTD.,4900.84,798,Small
539118,VRL Logistics Limited,4898.50,799,Small
544118,JANA SMALL FINANCE BANK LIMITE,4886.32,800,Small
532940,J.KUMAR INFRAPROJECTS LTD.,4845.46,801,Small
534804,CARE Ratings Limited,4836.43,802,Small
544587,Midwest Limited,4818.55,803,Small
530239,SUVEN LIFE SCIENCES LTD.,4816.87,804,Small
542460,The Anup Engineering Ltd,4809.80,805,Small
501455,GREAVES COTTON LTD.,4808.76,806,Small
505890,KENNAMETAL INDIA LTD.,4802.84,807,Small
541967,Sky Gold And Diamonds Limited,4795.40,808,Small
532884,REFEX INDUSTRIES LTD.,4787.73,809,Small
500250,L.G.BALAKRISHNAN & BROS.LTD.,4769.20,810,Small
543249,TARC LIMITED,4765.24,811,Small
543952,NIIT Learning Systems Limited,4751.33,812,Small
533151,D B CORP LTD,4737.20,813,Small
544067,INNOVA CAPTAB LIMITED,4719.78,814,Small
514440,Blue Pearl Agriventures Limite,4703.26,815,Small
544647,Nephrocare Health Services Lim,4677.38,816,Small
500307,NIRLON LTD.,4671.91,817,Small
526433,ASM TECHNOLOGIES LTD.,4666.53,818,Small
532772,DCB BANK LIMITED,4660.96,819,Small
543387,S.J.S. Enterprises Limited,4658.34,820,Small
530999,BALAJI AMINES LTD.,4645.34,821,Small
524709,NACL Industries Limited,4642.96,822,Small
534758,CIGNITI TECHNOLOGIES LTD.,4639.28,823,Small
508486,HAWKINS COOKERS LTD.,4608.96,824,Small
523398,BOSCH HOME COMFORT INDIA LIMIT,4605.78,825,Small
523630,NATIONAL FERTILIZERS LTD.,4598.24,826,Small
532872,SUN PHARMA ADVANCED RESEARCH C,4597.56,827,Small
544454,INDIQUBE SPACES LIMITED,4593.76,828,Small
544490,Shreeji Shipping Global Limite,4577.82,829,Small
500041,BANNARI AMMAN SUGARS LTD.,4576.65,830,Small
531266,V.S.T.TILLERS TRACTORS LTD.,4549.39,831,Small
532150,INDRAPRASTHA MEDICAL CORP.LTD.,4544.36,832,Small
509966,VST INDUSTRIES LTD.,4536.45,833,Small
544550,Pace Digitek Limited,4536.31,834,Small
500339,RAIN INDUSTRIES LIMITED,4526.06,835,Small
543984,Samhi Hotels Limited,4524.74,836,Small
543971,Bondada Engineering Limited,4521.15,837,Small
500292,HEIDELBERGCEMENT INDIA LTD.,4516.02,838,Small
544223,Ceigall India Limited,4466.90,839,Small
509732,KOTHARI INDUSTRIAL CORPORATION,4463.59,840,Small
519552,HERITAGE FOODS LIMITED,4444.24,841,Small
506222,Styrenix Performance Materials,4425.44,842,Small
500285,SPICEJET LTD.,4417.42,843,Small
535754,ORIENT CEMENT LTD,4358.24,844,Small
506879,GUJARAT THEMIS BIOSYN LTD.,4349.63,845,Small
524348,AARTI DRUGS LTD.,4349.14,846,Small
541301,Orient Electric Limited,4348.25,847,Small
544140,Gopal Snacks Limited,4337.62,848,Small
543248,Restaurant Brands Asia Limited,4316.76,849,Small
517206,LUMAX INDUSTRIES LTD.,4280.74,850,Small
506854,TANFAC INDUSTRIES LTD.,4266.97,851,Small
532406,AVANTEL LTD.,4252.38,852,Small
532799,HUBTOWN LTD.,4231.33,853,Small
543620,INSOLATION ENERGY LIMITED,4222.49,854,Small
544290,ENVIRO INFRA ENGINEERS LIMITED,4220.97,855,Small
521248,KITEX GARMENTS LTD.,4184.63,856,Small
505872,WPIL LTD.,4173.57,857,Small
544420,Raymond Realty Limited,4168.80,858,Small
544314,Sanathan Textiles Limited,4153.55,859,Small
544260,Northern Arc Capital Ltd.,4152.84,860,Small
520051,JAMNA AUTO INDUSTRIES LTD.,4137.58,861,Small
512329,SG MART LIMITED,4137.14,862,Small
503101,MARATHON NEXTGEN REALTY LTD.,4116.89,863,Small
530001,GUJARAT ALKALIES & CHEMICALS L,4116.52,864,Small
544181,Awfis Space Solutions Limited,4104.35,865,Small
540701,Dishman Carbogen Amcis Limited,4100.46,866,Small
526729,GOLDIAM INTERNATIONAL LTD.,4091.27,867,Small
532407,MOSCHIP TECHNOLOGIES LIMITED,4087.94,868,Small
533262,RAMKY INFRASTRUCTURE LTD.,4080.82,869,Small
543242,Hemisphere Properties India Li,4072.07,870,Small
520057,JTEKT India Ltd,4071.33,871,Small
526881,63 Moons Technologies Limited,4050.68,872,Small
505710,GRAUER & WEIL (INDIA) LTD.,4036.53,873,Small
500243,KIRLOSKAR INDUSTRIES LTD,4020.62,874,Small
522034,SHANTHI GEARS LTD.,3973.19,875,Small
532029,SINDHU TRADE LINKS LIMITED,3970.26,876,Small
543212,Borosil Limited,3964.85,877,Small
532834,Camlin Fine Sciences Ltd,3934.60,878,Small
532156,VAIBHAV GLOBAL LTD,3930.74,879,Small
500148,UFLEX LTD.,3930.03,880,Small
532983,RPG LIFE SCIENCES LTD.,3900.90,881,Small
500330,RAYMOND LTD.,3882.48,882,Small
524372,Orchid Pharma Limited,3872.39,883,Small
539542,LUX Industries Limited,3866.78,884,Small
532440,MPS LTD.,3862.66,885,Small
538891,MAGELLANIC CLOUD LIMITED,3827.62,886,Small
544545,TRUALT BIOENERGY LIMITED,3821.92,887,Small
513349,AJMERA REALTY & INFRA INDIA LT,3803.21,888,Small
530655,Goodluck India Limited,3801.57,889,Small
519156,VADILAL INDUSTRIES LTD.,3796.56,890,Small
544455,GNG Electronics Limited,3783.19,891,Small
539978,Quess Corp Limited,3775.32,892,Small
538268,WONDERLA HOLIDAYS LTD,3770.62,893,Small
533107,SWAN DEFENCE AND HEAVY INDUSTR,3763.24,894,Small
530011,MANGALORE CHEMICALS & FERTILIZ,3759.21,895,Small
526797,GREENPLY INDUSTRIES LTD.,3751.47,896,Small
532924,KOLTE-PATIL DEVELOPERS LTD.,3709.49,897,Small
542665,Neogen Chemicals Limited,3704.87,898,Small
544232,Interarch Building Solutions L,3696.43,899,Small
523539,PRECISION WIRES INDIA LTD.,3695.98,900,Small
544088,Medi Assist Healthcare Service,3677.12,901,Small
531543,JINDAL WORLDWIDE LTD.,3673.16,902,Small
544396,Network People Services Techno,3669.58,903,Small
544530,ANAND RATHI SHARE AND STOCK BR,3667.75,904,Small
519477,CIAN Agro Ind & Infra Ltd,3662.76,905,Small
517544,CENTUM ELECTRONICS LTD.,3643.69,906,Small
532960,Dhani Services Limited,3642.50,907,Small
543600,Harsha Engineers International,3631.93,908,Small
543401,Go Fashion (India) Limited,3631.08,909,Small
504882,NATIONAL STANDARD (INDIA) LTD.,3629.65,910,Small
532626,PONDY OXIDES & CHEMICALS LTD.,3628.67,911,Small
532256,NALWA SONS INVESTMENTS LTD.,3625.95,912,Small
544525,GK ENERGY LIMITED,3623.11,913,Small
541336,IndoStar Capital Finance Limit,3616.05,914,Small
500235,KALYANI STEELS LTD.,3613.67,915,Small
540725,Share India Securities Limited,3613.67,916,Small
543325,Rolex Rings Limited,3594.10,917,Small
540025,Advanced Enzyme Technologies L,3589.91,918,Small
509079,GUFIC BIOSCIENCES LTD.,3569.80,919,Small
544355,Jubilant Agri and Consumer Pro,3564.34,920,Small
542597,MSTC Limited,3560.82,921,Small
506690,UNICHEM LABORATORIES LTD.,3559.31,922,Small
543213,ROSSARI BIOTECH LIMITED,3550.48,923,Small
543933,Cyient DLM Limited,3544.45,924,Small
544066,SUNDARAM-CLAYTON LIMITED,3534.39,925,Small
539837,RAGHAV PRODUCTIVITY ENHANCERS,3524.70,926,Small
500219,JAIN IRRIGATION SYSTEMS LTD.,3521.37,927,Small
542919,Artemis Medicare Services Limi,3509.09,928,Small
523319,BALMER LAWRIE & CO.LTD.,3502.04,929,Small
542907,Prince Pipes and Fittings Limi,3484.09,930,Small
500150,FOSECO INDIA LTD.,3478.10,931,Small
513519,PITTI ENGINEERING LIMITED,3468.21,932,Small
544161,D P ABHUSHAN LIMITED,3466.24,933,Small
513262,STEEL STRIPS WHEELS LTD.,3462.41,934,Small
533676,INDO THAI SECURITIES LTD.,3446.18,935,Small
544333,STANDARD GLASS LINING TECHNOLO,3446.08,936,Small
531719,BHAGIRADHA CHEMICALS & INDUSTR,3416.70,937,Small
542857,Greenpanel Industries Limited,3385.76,938,Small
526125,BN AGROCHEM LIMITED,3384.34,939,Small
539889,Parag Milk Foods Limited,3382.94,940,Small
503960,BHARAT BIJLEE LTD.,3380.50,941,Small
544021,Protean eGov Technologies Limi,3368.59,942,Small
533229,BAJAJ CONSUMER CARE LIMITED,3366.16,943,Small
516072,VISHNU CHEMICALS LTD.,3361.51,944,Small
544430,SAMBHV STEEL TUBES LIMITED,3361.35,945,Small
500020,BOMBAY DYEING & MFG.CO.LTD.,3354.01,946,Small
508989,NAVNEET EDUCATION LIMITED,3336.68,947,Small
544319,SENORES PHARMACEUTICALS LIMITE,3322.10,948,Small
501421,TechNVision Ventures Limited,3321.13,949,Small
513228,PENNAR INDUSTRIES LTD.,3315.97,950,Small
522215,HLE GLASCOAT LIMITED,3301.99,951,Small
532967,KIRI INDUSTRIES LTD.,3294.30,952,Small
524735,HIKAL LTD.,3280.94,953,Small
544030,Flair Writing Industries Limit,3268.81,954,Small
532732,KEWAL KIRAN CLOTHING LTD.,3258.66,955,Small
540768,Mahindra Logistics Limited,3247.78,956,Small
500414,TIMEX GROUP INDIA LTD.,3243.50,957,Small
544095,EPACK Durable Limited,3237.94,958,Small
544261,ARKADE DEVELOPERS LIMITED,3232.82,959,Small
540544,PSP Projects Limited,3212.98,960,Small
526951,STYLAM INDUSTRIES LIMITED,3179.36,961,Small
544111,Apeejay Surrendra Park Hotels,3176.07,962,Small
543489,Gateway Distriparks Limited,3169.64,963,Small
544379,Prabha Energy Limited,3167.47,964,Small
539056,IMAGICAAWORLD ENTERTAINMENT LI,3165.57,965,Small
533104,GLOBUS SPIRITS LTD.,3165.46,966,Small
532900,PAISALO DIGITAL LIMITED,3164.11,967,Small
544402,JASH ENGINEERING LIMITED,3161.82,968,Small
543547,DDEV PLASTIKS INDUSTRIES LIMIT,3155.33,969,Small
531120,PATEL ENGINEERING LTD.,3154.58,970,Small
500444,West Coast Paper Mills Limited,3140.51,971,Small
514167,GANESHA ECOSPHERE LTD.,3140.51,972,Small
532054,KDDL LTD.,3133.72,973,Small
524051,POLYPLEX CORPORATION LTD.,3127.18,974,Small
543288,Deep Industries Limited,3126.39,975,Small
502090,SAGAR CEMENTS LTD.,3123.06,976,Small
503811,SIYARAM SILK MILLS LTD.,3120.89,977,Small
544519,EURO PRATIK SALES LIMITED,3101.51,978,Small
543272,Easy Trip Planners Limited,3093.16,979,Small
517467,MARSONS LIMITED,3091.18,980,Small
540136,HPL Electric & Power Limited,3080.51,981,Small
512008,EFC (I) LIMITED,3074.39,982,Small
539895,SPICE LOUNGE FOOD WORKS LIMITE,3068.54,983,Small
523716,ASHIANA HOUSING LTD.,3067.65,984,Small
523301,TCPL PACKAGING LTD.,3066.47,985,Small
544457,Brigade Hotel Ventures Limited,3050.31,986,Small
522281,RAM RATNA WIRES LTD.,3030.19,987,Small
541163,Sandhar Technologies Limited,3029.50,988,Small
539450,S H Kelkar and Company Limited,3022.18,989,Small
526650,TOURISM FINANCE CORPORATION OF,3021.88,990,Small
534535,STRING METAVERSE LIMITED,3018.50,991,Small
500215,SUNDROP BRANDS LIMITED,3007.23,992,Small
513269,MAN INDUSTRIES (INDIA) LTD.,2982.89,993,Small
539658,TeamLease Services Limited,2980.96,994,Small
539042,AGI Infra Limited,2977.77,995,Small
500730,NOCIL LTD.,2973.76,996,Small
542727,CITY PULSE MULTIVENTURES LIMIT,2955.59,997,Small
543983,EMS LIMITED,2948.90,998,Small
500412,THIRUMALAI CHEMICALS LTD.,2947.77,999,Small
526247,PREMIER EXPLOSIVES LTD.,2945.27,1000,Small
530073,SANGHVI MOVERS LTD.,2895.44,1001,Small
505744,FEDERAL-MOGUL GOETZE (INDIA) L,2881.29,1002,Small
524394,VIMTA LABS LTD.,2881.09,1003,Small
513097,SHIVALIK BIMETAL CONTROLS LTD.,2880.21,1004,Small
533333,FINEOTEX CHEMICAL LTD.,2879.74,1005,Small
544055,Muthoot Microfin Limited,2850.05,1006,Small
539301,Arvind SmartSpaces Limited,2845.72,1007,Small
500097,DALMIA BHARAT SUGAR AND INDUST,2842.56,1008,Small
539686,K.P. Energy Limited,2840.88,1009,Small
517300,GUJARAT INDUSTRIES POWER CO.LT,2839.19,1010,Small
543652,FUSION FINANCE LIMITED,2828.67,1011,Small
506022,PRAKASH INDUSTRIES LTD.,2822.49,1012,Small
530943,SRI ADHIKARI BROTHERS TELEVISI,2818.26,1013,Small
542333,RPSG VENTURES LIMITED,2818.13,1014,Small
543321,Tatva Chintan Pharma Chem Limi,2815.35,1015,Small
524164,IOL CHEMICALS & PHARMACEUTICAL,2803.72,1016,Small
500032,BAJAJ HINDUSTHAN SUGAR LIMITED,2801.47,1017,Small
532430,BF UTILITIES LTD.,2798.04,1018,Small
514446,LS INDUSTRIES LTD.,2780.06,1019,Small
532369,RAMCO INDUSTRIES LTD.,2777.89,1020,Small
509243,TVS SRICHAKRA LTD.,2772.84,1021,Small
533644,UJAAS ENERGY LIMITED,2771.53,1022,Small
544540,Epack Prefab Technologies Limi,2768.41,1023,Small
532368,BRIGHTCOM GROUP LIMITED,2761.81,1024,Small
532486,POKARNA LTD.,2760.18,1025,Small
531508,EVEREADY INDUSTRIES INDIA LTD.,2753.01,1026,Small
544320,CARRARO INDIA LIMITED,2750.61,1027,Small
530367,NRB BEARINGS LTD.,2749.61,1028,Small
522064,HONDA INDIA POWER PRODUCTS LIM,2747.49,1029,Small
500288,MOREPEN LABORATORIES LTD.,2738.56,1030,Small
504036,HIND RECTIFIERS LTD.,2738.37,1031,Small
543528,Venus Pipes & Tubes Limited,2734.70,1032,Small
524667,SAVITA OIL TECHNOLOGIES LTD.,2728.01,1033,Small
532749,ALLCARGO LOGISTICS LTD.,2727.26,1034,Small
522101,KILBURN ENGINEERING LTD.,2722.47,1035,Small
541540,SOLARA ACTIVE PHARMA SCIENCES,2718.13,1036,Small
500108,MAHANAGAR TELEPHONE NIGAM LTD.,2707.52,1037,Small
504341,RAVINDRA ENERGY LIMITED,2706.12,1038,Small
506235,ALEMBIC LTD.,2701.78,1039,Small
504212,UNIVERSAL CABLES LTD.,2698.04,1040,Small
544413,Digitide Solutions Limited,2689.81,1041,Small
534600,JTL INDUSTRIES LIMITED,2677.20,1042,Small
526570,MIDWEST GOLD LTD.,2666.49,1043,Small
503681,ELCID INVESTMENTS LTD.,2665.25,1044,Small
543942,UTKARSH SMALL FINANCE BANK LIM,2663.47,1045,Small
500191,HMT LTD.,2662.26,1046,Small
531209,NUCLEUS SOFTWARE EXPORTS LTD.,2660.29,1047,Small
505010,AUTOMOTIVE AXLES LTD.,2654.56,1048,Small
526947,LA OPALA RG LTD.,2649.81,1049,Small
543650,DCX Systems Limited,2626.40,1050,Small
542905,Hindware Home Innovation Limit,2612.59,1051,Small
532612,INDOCO REMEDIES LTD.,2608.28,1052,Small
544532,Solarworld Energy Solutions Li,2602.48,1053,Small
522029,WINDSOR MACHINES LTD.,2601.95,1054,Small
532390,TAJGVK HOTELS & RESORTS LTD.,2598.97,1055,Small
534392,VARDHMAN SPECIAL STEELS LTD.,2598.10,1056,Small
543686,Sirca Paints India Limited,2597.55,1057,Small
532722,NITCO LTD.,2594.84,1058,Small
544496,Vikran Engineering Limited,2592.09,1059,Small
543989,Sai Silks (Kalamandir) Limited,2591.14,1060,Small
511551,Monarch Networth Capital Limit,2589.46,1061,Small
543328,Krsnaa Diagnostics Limited,2588.85,1062,Small
544150,KP GREEN ENGINEERING LIMITED,2588.20,1063,Small
542866,COLAB PLATFORMS LIMITED,2579.68,1064,Small
543273,Knowledge Marine & Engineering,2578.86,1065,Small
524091,CARYSIL LIMITED,2577.15,1066,Small
540212,TCI Express Limited,2572.52,1067,Small
507514,SOM DISTILLERIES & BREWERIES L,2564.68,1068,Small
538734,CEINSYS TECH LIMITED,2540.31,1069,Small
500052,BHANSALI ENGINEERING POLYMERS,2537.28,1070,Small
533162,HATHWAY CABLE & DATACOM LTD,2503.84,1071,Small
535322,REPCO HOME FINANCE LTD.,2495.04,1072,Small
544291,RAJESH POWER SERVICES LIMITED,2494.32,1073,Small
519183,ADF FOODS LTD.,2490.84,1074,Small
531349,PANACEA BIOTEC LTD.,2480.34,1075,Small
531449,GRM OVERSEAS LTD.,2474.87,1076,Small
540724,Prataap Snacks Limited,2468.17,1077,Small
540710,Capacit'e Infraprojects Limite,2455.26,1078,Small
544294,Rossell Techsys Limited,2450.42,1079,Small
526227,FILATEX INDIA LTD.,2448.06,1080,Small
532815,SMS PHARMACEUTICALS LTD.,2445.86,1081,Small
500227,JINDAL POLY FILMS LTD.,2436.04,1082,Small
523606,SIKA INTERPLANT SYSTEMS LTD.,2417.41,1083,Small
519091,TASTY BITE EATABLES LTD.,2411.58,1084,Small
532859,HINDUJA GLOBAL SOLUTIONS LTD.,2398.64,1085,Small
543972,Aeroflex Industries Limited,2398.27,1086,Small
500147,JOHN COCKERILL INDIA LIMITED,2395.66,1087,Small
533080,MOLD-TEK PACKAGING LIMITED,2395.08,1088,Small
512237,JAI CORP LTD.,2393.55,1089,Small
508814,Cosmo First Limited,2386.74,1090,Small
533344,PTC INDIA FINANCIAL SERVICES L,2378.64,1091,Small
544470,M & B ENGINEERING LIMITED,2370.21,1092,Small
544042,Bajel Projects Limited,2359.94,1093,Small
500365,WELSPUN SPECIALTY SOLUTIONS LI,2352.48,1094,Small
544664,KSH INTERNATIONAL LIMITED,2350.45,1095,Small
500306,Jaykay Enterprises Limited,2346.77,1096,Small
532851,INSECTICIDES (INDIA) LTD.,2346.45,1097,Small
540797,Shalby Limited,2339.83,1098,Small
543214,NDR Auto Components Limited,2332.62,1099,Small
526783,DR.AGARWALS EYE HOSPITAL LTD.,2330.94,1100,Small
543386,Fino Payments Bank Limited,2328.19,1101,Small
500314,ORIENTAL HOTELS LTD.,2327.85,1102,Small
544243,Baazar Style Retail Limited,2324.74,1103,Small
544142,Shipping Corporation of India,2324.46,1104,Small
523385,NILKAMAL LTD.,2320.82,1105,Small
543714,LANDMARK CARS LIMITED,2319.38,1106,Small
523127,EIH ASSOCIATED HOTELS LTD.,2318.42,1107,Small
543311,India Pesticides Limited,2315.13,1108,Small
533306,SUMMIT SECURITIES LTD.,2310.59,1109,Small
526807,SEAMEC LTD.,2287.82,1110,Small
522249,MAYUR UNIQUOTERS LTD.,2285.84,1111,Small
532661,RANE (MADRAS) LTD.,2283.04,1112,Small
543992,YATRA ONLINE LIMITED,2276.78,1113,Small
513517,STEELCAST LTD.,2226.19,1114,Small
523838,SIMPLEX INFRASTRUCTURES LTD.,2223.50,1115,Small
506109,GENESYS INTERNATIONAL CORPORAT,2221.78,1116,Small
500672,NOVARTIS INDIA LTD.,2216.26,1117,Small
532945,SEPC LIMITED,2212.97,1118,Small
532309,GE Power India Ltd,2211.24,1119,Small
533302,KALYANI INVESTMENT COMPANY LTD,2203.64,1120,Small
500168,GOODYEAR INDIA LTD.,2198.23,1121,Small
544386,Spectrum Electrical Industries,2192.64,1122,Small
539199,SG FINSERVE LIMITED,2185.20,1123,Small
544224,Afcom Holdings Limited,2184.69,1124,Small
543711,Sula Vineyards Limited,2183.95,1125,Small
505504,GHV INFRA PROJECTS LIMITED,2183.85,1126,Small
533267,CANTABIL RETAIL INDIA LTD.,2160.62,1127,Small
532848,DELTA CORP LTD.,2142.87,1128,Small
544599,Studds Accessories Limited,2142.25,1129,Small
532663,Sasken Technologies Limited,2140.08,1130,Small
505800,RANE HOLDINGS LTD.,2138.11,1131,Small
514234,SANGAM (INDIA) LTD.,2137.34,1132,Small
500186,HINDUSTAN OIL EXPLORATION CO.L,2136.58,1133,Small
543260,STOVE KRAFT LIMITED,2113.06,1134,Small
532285,Geojit Financial Services Limi,2112.35,1135,Small
543932,IDEAFORGE TECHNOLOGY LIMITED,2105.41,1136,Small
506373,CITURGIA BIOCHEMICALS LTD.,2089.75,1137,Small
532268,ACCELYA SOLUTIONS INDIA LIMITE,2080.46,1138,Small
544119,Rashi Peripherals Limited,2079.76,1139,Small
505196,TIL LTD.,2074.72,1140,Small
523261,VENKYS (INDIA) LTD.,2074.12,1141,Small
541167,YASHO INDUSTRIES LIMITED,2070.87,1142,Small
512068,DECCAN GOLD MINES LTD.,2070.50,1143,Small
543449,WONDER ELECTRICALS LIMITED,2069.93,1144,Small
541403,Dollar Industries Limited,2069.57,1145,Small
504741,INDIAN HUME PIPE CO.LTD.,2067.06,1146,Small
523618,DREDGING CORPORATION OF INDIA,2065.01,1147,Small
543331,Meghmani Organics Limited,2064.57,1148,Small
500117,DCW LTD.,2058.70,1149,Small
543411,HI-TECH PIPES LIMITED,2045.05,1150,Small
517035,RIR POWER ELECTRONICS LIMITED,2044.16,1151,Small
502157,MANGALAM CEMENT LTD.,2043.32,1152,Small
511742,UGRO CAPITAL LIMITED,2039.54,1153,Small
543514,Veranda Learning Solutions Lim,2036.66,1154,Small
544512,SHRINGAR HOUSE OF MANGALSUTRA,2031.32,1155,Small
523694,APCOTEX INDUSTRIES LTD.,2027.33,1156,Small
530131,UDAIPUR CEMENT WORKS LTD.,2017.01,1157,Small
507488,G.M.BREWERIES LTD.,2016.69,1158,Small
538920,VINTAGE COFFEE AND BEVERAGES L,2001.87,1159,Small
544305,One Mobikwik Systems Limited,1997.81,1160,Small
500333,PIX TRANSMISSIONS LTD.,1989.60,1161,Small
539921,Shanti Educational Initiatives,1984.28,1162,Small
543689,Uniparts India Limited,1983.78,1163,Small
517522,RAJRATAN GLOBAL WIRE LTD.,1981.37,1164,Small
544133,EXICOM TELE-SYSTEMS LIMITED,1968.41,1165,Small
500068,DISA INDIA LTD.,1968.19,1166,Small
532240,INDIA NIPPON ELECTRICALS LTD.,1965.41,1167,Small
543230,ADVAIT ENERGY TRANSITIONS LIMI,1963.55,1168,Small
500460,MUKAND LTD.,1959.86,1169,Small
531548,SOMANY CERAMICS LTD.,1951.78,1170,Small
540795,Dynamic Cables Limited,1945.79,1171,Small
504112,NELCO LTD.,1937.94,1172,Small
543812,DIVGI TORQTRANSFER SYSTEMS LIM,1937.18,1173,Small
532650,MSP STEEL & POWER LTD.,1935.44,1174,Small
542759,Spandana Sphoorty Financial Li,1927.73,1175,Small
532686,KERNEX MICROSYSTEMS (INDIA) LT,1925.51,1176,Small
533257,INDOSOLAR LTD.,1923.16,1177,Small
543542,KESAR INDIA LIMITED,1920.19,1178,Small
532698,NITIN SPINNERS LTD.,1920.11,1179,Small
532930,BGR ENERGY SYSTEMS LTD.,1914.65,1180,Small
543329,Windlas Biotech Limited,1909.71,1181,Small
526506,SYSTEMATIX CORPORATE SERVICES,1903.44,1182,Small
507526,ASSOCIATED ALCOHOLS & BREWERIE,1902.01,1183,Small
523862,GRAND OAK CANYONS DISTILLERY L,1899.40,1184,Small
532370,RAMCO SYSTEMS LTD.,1895.56,1185,Small
532775,GTL INFRASTRUCTURE LTD.,1892.32,1186,Small
540048,S.P. Apparels Limited,1891.70,1187,Small
544456,R M DRIP AND SPRINKLERS SYSTEM,1890.91,1188,Small
535136,NIBE LIMITED,1887.33,1189,Small
505725,ALGOQUANT FINTECH LIMITED,1876.41,1190,Small
544339,Laxmi Dental Limited,1875.06,1191,Small
512038,TCC CONCEPT LIMITED,1874.95,1192,Small
524820,PANAMA PETROCHEM LTD.,1853.53,1193,Small
532717,INDO TECH TRANSFORMERS LTD.,1848.40,1194,Small
544479,ALL TIME PLASTICS LIMITED,1847.38,1195,Small
531717,Vidhi Specialty Food Ingredien,1840.84,1196,Small
505412,WENDT (INDIA) LTD.,1831.51,1197,Small
507878,UNITECH LTD.,1824.77,1198,Small
544053,Motisons Jewellers Limited,1811.27,1199,Small
544198,DEE DEVELOPMENT ENGINEERS LIMI,1810.55,1200,Small
517041,ADOR WELDING LTD.,1803.87,1201,Small
544271,Garuda Construction and Engine,1801.35,1202,Small
522195,FRONTIER SPRINGS LTD.,1799.36,1203,Small
532485,BALMER LAWRIE INVESTMENTS LTD.,1791.69,1204,Small
517015,VINDHYA TELELINKS LTD.,1780.32,1205,Small
539636,Precision Camshafts Limited,1777.65,1206,Small
533138,ASTEC LIFESCIENCES LIMITED,1772.92,1207,Small
505160,TALBROS AUTOMOTIVE COMPONENTS,1760.73,1208,Small
540774,IFGL Refractories Limited,1755.35,1209,Small
544107,BLS E-Services Limited,1750.76,1210,Small
533303,BF INVESTMENT LTD.,1739.72,1211,Small
539332,Navkar Corporation Limited,1732.62,1212,Small
500402,SPML INFRA LIMITED,1724.94,1213,Small
513250,JYOTI STRUCTURES LTD.,1722.25,1214,Small
544138,J.G.Chemicals Limited,1716.87,1215,Small
506480,GOCL Corporation Limited,1716.81,1216,Small
509820,HUHTAMAKI INDIA LIMITED,1716.20,1217,Small
532742,PAUSHAK LTD.,1712.59,1218,Small
539678,Quick Heal Technologies Limite,1709.03,1219,Small
543619,Concord Control Systems Limite,1706.23,1220,Small
532366,PNB GILTS LTD.,1702.06,1221,Small
511034,JINDAL DRILLING & INDUSTRIES L,1701.34,1222,Small
533146,D-LINK (INDIA) LTD,1697.04,1223,Small
521238,BHARAT GLOBAL DEVELOPERS LIMIT,1684.25,1224,Small
506197,BLISS GVS PHARMA LTD.,1677.94,1225,Small
544217,SANSTAR LIMITED,1673.59,1226,Small
526521,SANGHI INDUSTRIES LTD.,1673.48,1227,Small
533121,EXPLEO SOLUTIONS LIMITED,1667.15,1228,Small
539682,Mobavenue AI Tech Limited,1660.18,1229,Small
523105,CROPSTER AGRO LIMITED,1655.35,1230,Small
502450,SESHASAYEE PAPER & BOARDS LTD.,1652.90,1231,Small
533137,DEN NETWORKS LTD,1652.67,1232,Small
507747,TTK HEALTHCARE LTD.,1651.11,1233,Small
539309,Rama Steel Tubes Limited,1649.51,1234,Small
544316,DAM Capital Advisors Limited,1649.36,1235,Small
543590,Rhetan TMT Limited,1646.44,1236,Small
542774,MUFIN GREEN FINANCE LIMITED,1644.59,1237,Small
531179,ARMAN FINANCIAL SERVICES LTD.,1643.83,1238,Small
506194,ARIHANT SUPERSTRUCTURES LIMITE,1643.64,1239,Small
539404,SATIN CREDITCARE NETWORK LIMIT,1640.41,1240,Small
522257,RAJOO ENGINEERS LTD.,1629.70,1241,Small
522261,DOLPHIN OFFSHORE ENTERPRISES (,1624.88,1242,Small
544202,STANLEY LIFESTYLES LIMITED,1619.00,1243,Small
544167,JNK India Limited,1613.79,1244,Small
543399,Tarsons Products Limited,1608.40,1245,Small
514043,HIMATSINGKA SEIDE LTD.,1604.64,1246,Small
522241,M.M.FORGINGS LTD.,1599.70,1247,Small
544037,Amic Forging Limited,1599.51,1248,Small
530475,TINNA RUBBER AND INFRASTRUCTUR,1597.34,1249,Small
543953,Khazanchi Jewellers Limited,1594.59,1250,Small
543996,Updater Services Limited,1587.27,1251,Small
524470,SYNCOM FORMULATIONS (INDIA) LT,1586.11,1252,Small
517380,IGARASHI MOTORS INDIA LTD.,1585.30,1253,Small
533263,ORIENT GREEN POWER COMPANY LTD,1580.25,1254,Small
506618,PUNJAB CHEMICALS AND CROP PROT,1578.61,1255,Small
511768,MASTER TRUST LTD.,1577.73,1256,Small
544293,SURAKSHA DIAGNOSTIC LIMITED,1576.68,1257,Small
543263,SMC Global Securities Limited,1576.49,1258,Small
544459,SHANTI GOLD INTERNATIONAL LIMI,1572.34,1259,Small
531761,APOLLO PIPES LIMITED,1571.81,1260,Small
543923,IKIO Technologies Limited,1569.26,1261,Small
543254,Antony Waste Handling Cell Lim,1565.16,1262,Small
544342,Stallion India Fluorochemicals,1564.21,1263,Small
544239,ECOS (India) Mobility & Hospit,1557.05,1264,Small
532705,JAGRAN PRAKASHAN LTD.,1556.82,1265,Small
533552,RUPA & COMPANY LTD.,1551.00,1266,Small
532880,OMAXE LTD.,1548.73,1267,Small
543419,Shriram Properties Limited,1548.36,1268,Small
544523,IVALUE INFOSOLUTIONS LIMITED,1547.01,1269,Small
524669,HESTER BIOSCIENCES LTD.,1540.11,1270,Small
544336,Quadrant Future Tek Limited,1534.53,1271,Small
504092,INDOKEM LTD.,1533.18,1272,Small
543929,HMA Agro Industries Limited,1529.78,1273,Small
507789,JAGSONPAL PHARMACEUTICALS LTD.,1526.58,1274,Small
544134,Platinum Industries Limited,1522.60,1275,Small
504000,ELPRO INTERNATIONAL LTD.,1517.05,1276,Small
508954,FINKURVE FINANCIAL SERVICES LT,1515.62,1277,Small
544235,Orient Technologies Limited,1513.50,1278,Small
532684,EVEREST KANTO CYLINDER LTD.,1511.06,1279,Small
514448,JYOTI RESINS & ADHESIVES LTD.,1507.54,1280,Small
502330,ANDHRA PAPER LIMITED,1506.84,1281,Small
540642,Salasar Techno Engineering Lim,1504.65,1282,Small
544020,ESAF Small Finance Bank Ltd,1504.36,1283,Small
526829,CONFIDENCE PETROLEUM INDIA LTD,1497.91,1284,Small
501150,CENTRUM CAPITAL LTD.,1496.87,1285,Small
505526,DOLAT ALGOTECH LIMITED,1474.66,1286,Small
517500,ROTO PUMPS LTD.,1466.63,1287,Small
500304,NIIT LTD.,1466.46,1288,Small
512267,MEDIA MATRIX WORLDWIDE LTD.,1464.46,1289,Small
540717,Polo Queen Industrial and Fint,1460.01,1290,Small
524632,Shukra Pharmaceuticals Limited,1457.42,1291,Small
533761,GPT INFRAPROJECTS LTD.,1454.34,1292,Small
543279,Suryoday Small Finance Bank Li,1453.19,1293,Small
509675,BIRLANU LIMITED,1451.87,1294,Small
543977,Rishabh Instruments Limited,1450.22,1295,Small
530355,ASIAN ENERGY SERVICES LTD,1447.05,1296,Small
512020,SARASWATI COMMERCIAL (INDIA) L,1439.72,1297,Small
544029,Gandhar Oil Refinery (India) L,1437.75,1298,Small
523369,DCM SHRIRAM INDUSTRIES LTD.,1434.43,1299,Small
530927,HARYANA FINANCIAL CORPORATION,1434.23,1300,Small
539872,Bajaj Healthcare Limited,1433.17,1301,Small
500650,EXCEL INDUSTRIES LTD.,1433.10,1302,Small
539046,Manaksia Coated Metals & Indus,1432.09,1303,Small
531147,ALICON CASTALLOY LIMITED,1430.65,1304,Small
530307,CHAMAN LAL SETIA EXPORTS LTD.,1418.25,1305,Small
530699,RAJ RAYON INDUSTRIES LIMITED,1417.75,1306,Small
500207,INDO RAMA SYNTHETICS (INDIA) L,1415.74,1307,Small
530555,PARAMOUNT COMMUNICATIONS LTD.,1414.11,1308,Small
542012,A-1 LIMITED,1413.69,1309,Small
543974,VISHNU PRAKASH R PUNGLIA LIMIT,1412.67,1310,Small
517059,SALZER ELECTRONICS LTD.,1412.05,1311,Small
543389,Sigachi Industries Limited,1404.82,1312,Small
544310,Yash Highvoltage Limited,1399.53,1313,Small
532633,Alldigi Tech Limited,1397.37,1314,Small
532719,B.L.KASHYAP AND SONS LTD.,1397.19,1315,Small
514211,SUMEET INDUSTRIES LTD.,1394.64,1316,Small
544227,UNICOMMERCE ESOLUTIONS LIMITED,1391.76,1317,Small
544279,Godavari Biorefineries Limited,1389.99,1318,Small
543766,Ashika Credit Capital Ltd.,1388.82,1319,Small
506685,ULTRAMARINE & PIGMENTS LTD.,1388.38,1320,Small
543644,InfoBeans Technologies Limited,1386.21,1321,Small
523475,LOTUS CHOCOLATE CO.LTD.,1384.24,1322,Small
530879,CAPITAL INDIA FINANCE LIMITED,1383.88,1323,Small
544534,Jaro Institute of Technology M,1383.84,1324,Small
544054,Suraj Estate Developers Limite,1383.44,1325,Small
538836,Monte Carlo Fashions Limited,1370.95,1326,Small
532888,ASIAN GRANITO INDIA LTD.,1368.01,1327,Small
543517,Hariom Pipe Industries Limited,1366.10,1328,Small
502137,DECCAN CEMENTS LTD.,1358.21,1329,Small
522073,The Hi-Tech Gears Ltd,1353.61,1330,Small
540425,Shankara Building Products Lim,1351.09,1331,Small
543597,Virtuoso Optoelectronics Limit,1350.66,1332,Small
540124,G N A Axles Limited,1344.53,1333,Small
523445,RELIANCE INDUSTRIAL INFRASTRUC,1338.06,1334,Small
539221,Sportking India Ltd.,1331.97,1335,Small
500199,I G PETROCHEMICALS LTD.,1321.50,1336,Small
532923,RENAISSANCE GLOBAL LIMITED,1311.74,1337,Small
502180,SHREE DIGVIJAY CEMENT CO.LTD.,1309.36,1338,Small
543920,CFF FLUID CONTROL LIMITED,1307.78,1339,Small
544117,Signpost India Limited,1304.62,1340,Small
526173,ANDREW YULE & COMPANY LTD.,1302.09,1341,Small
532382,BALAJI TELEFILMS LTD.,1299.55,1342,Small
531795,ATUL AUTO LTD.,1290.98,1343,Small
531921,AGARWAL INDUSTRIAL CORPORATION,1288.78,1344,Small
544264,Diffusion Engineers Limited,1287.95,1345,Small
539289,Aurum PropTech Limited,1287.50,1346,Small
540718,AAYUSH ART AND BULLION LIMITED,1287.35,1347,Small
544120,Capital Small Finance Bank Ltd,1285.55,1348,Small
520008,RICO AUTO INDUSTRIES LTD.,1280.17,1349,Small
522108,YUKEN INDIA LTD.,1277.18,1350,Small
544446,Advent Hotels International Li,1273.03,1351,Small
517421,BUTTERFLY GANDHIMATHI APPLIANC,1271.32,1352,Small
532850,MIC ELECTRONICS LTD.,1264.77,1353,Small
530079,FAZE THREE LTD.,1264.42,1354,Small
539799,Bharat Wire Ropes Limited,1263.72,1355,Small
533156,VASCON ENGINEERS LTD,1263.51,1356,Small
507410,WALCHANDNAGAR INDUSTRIES LTD.,1263.27,1357,Small
505400,TEXMACO INFRASTRUCTURE & HOLDI,1260.08,1358,Small
544258,Western Carriers (India) Limit,1258.64,1359,Small
543266,Heranba Industries Limited,1250.87,1360,Small
530075,Antelopus Selan Energy Limited,1250.59,1361,Small
507753,TGV SRAAC Limited,1249.90,1362,Small
539469,PANORAMA STUDIOS INTERNATIONAL,1249.83,1363,Small
544184,Borosil Scientific Limited,1248.79,1364,Small
506390,Heubach Colorants India Limite,1245.19,1365,Small
544131,GPT Healthcare Limited,1244.57,1366,Small
544004,IRM ENERGY LIMITED,1243.60,1367,Small
539334,Shree Pushkar Chemicals & Fert,1240.07,1368,Small
544492,MANGAL ELECTRICAL INDUSTRIES L,1239.84,1369,Small
540602,GTPL Hathway Limited,1238.63,1370,Small
532699,ROYAL ORCHID HOTELS LTD.,1238.20,1371,Small
500439,VARDHMAN HOLDINGS LTD.,1234.32,1372,Small
509438,BENARES HOTELS LTD.,1232.37,1373,Small
532365,DYNACONS SYSTEMS & SOLUTIONS L,1231.04,1374,Small
544364,Indef Manufacturing Limited,1229.93,1375,Small
534369,TRIBHOVANDAS BHIMJI ZAVERI LTD,1229.44,1376,Small
544395,STL Networks Limited,1227.51,1377,Small
544419,ArisInfra Solutions Limited,1225.87,1378,Small
539607,Blue Cloud Softech Solutions L,1224.18,1379,Small
532067,3B BlackBio Dx Limited,1218.93,1380,Small
522295,CONTROL PRINT LTD.,1218.34,1381,Small
532624,JINDAL PHOTO LTD.,1215.94,1382,Small
526608,ELECTROTHERM (INDIA) LTD.,1213.01,1383,Small
544281,A B INFRABUILD LIMITED,1208.71,1384,Small
538668,Meghna Infracon Infrastructure,1206.89,1385,Small
544158,SRM CONTRACTORS LIMITED,1206.43,1386,Small
544253,Kross Limited,1200.45,1387,Small
519602,KELLTON TECH SOLUTIONS LTD.,1194.47,1388,Small
520073,RACL Geartech Limited,1191.62,1389,Small
543928,Cosmic CRF Limited,1190.86,1390,Small
506248,AMINES & PLASTICIZERS LTD.,1190.62,1391,Small
534742,ZUARI AGRO CHEMICALS LTD.,1186.85,1392,Small
534748,STEEL EXCHANGE INDIA LTD.,1186.39,1393,Small
544448,Pashupati Cotspin Limited,1180.47,1394,Small
505036,AUTOMOBILE CORPORATION OF GOA,1177.38,1395,Small
544414,Bluspring Enterprises Limited,1173.09,1396,Small
500268,MANALI PETROCHEMICAL LTD.,1165.74,1397,Small
523736,Dhunseri Ventures Limited,1162.20,1398,Small
531381,ARIHANT FOUNDATIONS & HOUSING,1158.99,1399,Small
524332,BCL INDUSTRIES LIMITED,1158.20,1400,Small
507944,BAJAJ STEEL INDUSTRIES LTD.,1157.68,1401,Small
532864,NELCAST LTD.,1155.34,1402,Small
544536,Wealth First Portfolio Manager,1153.57,1403,Small
523708,EIMCO ELECON (INDIA) LTD.,1152.94,1404,Small
531847,ASIAN STAR CO.LTD.,1149.83,1405,Small
532408,MEGASOFT LTD.,1146.20,1406,Small
500078,ORIENTAL AROMATICS LIMITED,1142.48,1407,Small
524520,KMC SPECIALITY HOSPITALS (INDI,1141.34,1408,Small
530759,STERLING TOOLS LTD.,1139.58,1409,Small
502175,SAURASHTRA CEMENT LTD.,1132.91,1410,Small
544491,Gem Aromatics Limited,1132.13,1411,Small
509152,GRP LTD.,1130.54,1412,Small
544617,Excelsoft Technologies Limited,1123.24,1413,Small
532341,IZMO Limited,1119.15,1414,Small
544410,PROSTARM INFO SYSTEMS LIMITED,1118.68,1415,Small
544631,CREATIVE NEWTECH LIMITED,1116.26,1416,Small
540980,The Yamuna Syndicate Ltd,1113.44,1417,Small
540704,Matrimony.com Limited,1111.75,1418,Small
532051,SWELECT ENERGY SYSTEMS LIMITED,1110.23,1419,Small
539785,Pudumjee Paper Products Limite,1109.52,1420,Small
508933,AYM Syntex Limited,1108.29,1421,Small
531092,OM INFRA LIMITED,1102.04,1422,Small
530643,ECO RECYCLING LTD.,1100.35,1423,Small
500136,ESTER INDUSTRIES LTD.,1097.79,1424,Small
540776,5paisa Capital Limited,1094.33,1425,Small
544633,VIDYA WIRES LIMITED,1094.22,1426,Small
503031,PENINSULA LAND LTD.,1089.89,1427,Small
526666,BHARTIYA INTERNATIONAL LTD.,1088.49,1428,Small
544318,MAMATA MACHINERY LIMITED,1086.33,1429,Small
543712,ABANS FINANCIAL SERVICES LIMIT,1081.16,1430,Small
531426,TAMIL NADU NEWSPRINT & PAPERS,1077.88,1431,Small
544528,Ganesh Consumer Products Limit,1077.03,1432,Small
500264,MAFATLAL INDUSTRIES LTD.,1076.40,1433,Small
519105,AVT NATURAL PRODUCTS LTD.,1074.96,1434,Small
543223,Max India Limited,1074.95,1435,Small
523207,KOKUYO CAMLIN LTD.,1074.41,1436,Small
531633,LINCOLN PHARMACEUTICALS LTD.,1064.58,1437,Small
511413,CREST,1062.87,1438,Small
530199,THEMIS MEDICARE LTD.,1062.25,1439,Small
501298,INDUSTRIAL & PRUDENTIAL INVEST,1060.12,1440,Small
531859,ORIENTAL RAIL INFRASTRUCTURE L,1051.31,1441,Small
500280,CENTURY ENKA LTD.,1051.26,1442,Small
511605,ARIHANT CAPITAL MARKETS LTD.,1050.89,1443,Small
500429,UNIPHOS ENTERPRISES LTD.,1050.22,1444,Small
532180,DHANLAXMI BANK LIMITED,1049.70,1445,Small
544411,Scoda Tubes Limited,1047.78,1446,Small
544328,INDO FARM EQUIPMENT LIMITED,1045.49,1447,Small
542725,SBC EXPORTS LIMITED,1044.69,1448,Small
544315,Concord Enviro Systems Limited,1043.77,1449,Small
540125,Radhika Jeweltech Limited,1038.06,1450,Small
539997,Kwality Pharmaceuticals Limite,1035.01,1451,Small
544302,Innovana Thinklabs Limited,1034.55,1452,Small
532529,NEW DELHI TELEVISION LTD.,1030.03,1453,Small
543252,Fairchem Organics Limited,1026.86,1454,Small
507794,KHAITAN CHEMICALS & FERTILIZER,1024.92,1455,Small
507912,LKP FINANCE LIMITED,1024.37,1456,Small
515043,SAINT-GOBAIN SEKURIT INDIA LTD,1022.22,1457,Small
511628,FEDDERS HOLDING LIMITED,1022.12,1458,Small
506597,AMAL LTD.,1021.65,1459,Small
511076,AEROFLEX ENTERPRISES LIMITED,1019.39,1460,Small
508807,IST LTD.,1014.68,1461,Small
524648,INDO AMINES LTD.,1014.68,1462,Small
543687,Dharmaj Crop Guard Limited,1014.09,1463,Small
523229,BHARAT SEATS LTD.,1013.39,1464,Small
544244,Gala Precision Engineering Lim,1012.82,1465,Small
539290,Oswal Greentech Limited,1012.66,1466,Small
542669,BMW INDUSTRIES LIMITED,1009.51,1467,Small
538119,R&B DENIMS LTD,1004.25,1468,Small
544345,Denta Water and Infra Solution,1002.90,1469,Small
513536,GUJARAT NATURAL RESOURCES LIMI,998.42,1470,Small
531637,PRAVEG LIMITED,997.82,1471,Small
532842,SREE RAYALASEEMA HI-STRENGTH H,996.33,1472,Small
513108,GANDHI SPECIAL TUBES LTD.,995.27,1473,Small
544416,KRISHIVAL FOODS LIMITED,989.33,1474,Small
544558,Fabtech Technologies Limited,988.66,1475,Small
512233,JAYBHARAT TEXTILES & REAL ESTA,986.71,1476,Small
532729,UTTAM SUGAR MILLS LTD.,980.51,1477,Small
532616,XCHANGING SOLUTIONS LTD.,979.18,1478,Small
536773,JINDAL POLY INVESTMENT AND FIN,977.13,1479,Small
500317,OSWAL AGRO MILLS LTD.,976.86,1480,Small
539956,TAAL Enterprises Limited,976.21,1481,Small
543709,PNGS GARGI FASHION JEWELLERY L,971.74,1482,Small
543995,MANOJ VAIBHAV GEMS 'N' JEWELLE,971.20,1483,Small
532875,ALLIED DIGITAL SERVICES LTD.,969.13,1484,Small
534328,HEXA TRADEX LTD.,968.17,1485,Small
522229,TANEJA AEROSPACE & AVIATION LT,967.78,1486,Small
532457,GULSHAN POLYOLS LTD.,965.30,1487,Small
543525,Silver Touch Technologies Limi,961.03,1488,Small
520066,JAY BHARAT MARUTI LTD.,960.43,1489,Small
532937,KUANTUM PAPERS LTD.,960.11,1490,Small
500777,TAMILNADU PETROPRODUCTS LTD.,956.31,1491,Small
511676,GIC HOUSING FINANCE LTD.,955.28,1492,Small
500337,PRIME SECURITIES LTD.,954.54,1493,Small
507438,IFB AGRO INDUSTRIES LTD.,953.91,1494,Small
506414,FERMENTA BIOTECH LIMITED,952.39,1495,Small
532974,ADITYA BIRLA MONEY LTD.,950.88,1496,Small
544144,Popular Vehicles and Services,945.49,1497,Small
532345,ALLCARGO GATI LIMITED,945.43,1498,Small
502168,NCL INDUSTRIES LTD.,945.07,1499,Small
533259,Sastasundar Ventures Limited,943.92,1500,Small
543725,Elin Electronics Limited,941.71,1501,Small
532143,SKM EGG PRODUCTS EXPORT (INDIA,940.89,1502,Small
511431,VAKRANGEE LIMITED,940.43,1503,Small
500780,Zuari Industries Limited,939.25,1504,Small
508906,EVEREST INDUSTRIES LTD.,936.49,1505,Small
538992,Sar Auto Products Limited,935.27,1506,Small
508929,AVISHKAR INFRA REALTY LIMITED,935.18,1507,Small
543240,Likhitha Infrastructure Limite,934.11,1508,Small
544485,REGAAL RESOURCES LIMITED,930.77,1509,Small
532513,TVS ELECTRONICS LTD.,925.47,1510,Small
543283,UNITED FOODBRANDS LIMITED,924.84,1511,Small
530245,ARYAMAN FINANCIAL SERVICES LTD,924.18,1512,Small
544522,A B Cotspin India Limited,921.02,1513,Small
540145,Valiant Organics Limited,920.72,1514,Small
505163,Z.F.STEERING GEAR (INDIA) LTD.,907.59,1515,Small
539018,Beekay Steel Industries Ltd.,907.21,1516,Small
544186,Forbes Precision Tools and Mac,906.90,1517,Small
509960,U.P.HOTELS LTD.,905.35,1518,Small
524109,KABRA EXTRUSIONTECHNIK LTD.,903.37,1519,Small
533477,ENKEI WHEELS (INDIA) LTD.,898.40,1520,Small
516064,Arrow Greentech Limited,895.46,1521,Small
541096,Bharat Parenterals Limited,895.30,1522,Small
539660,BEST AGROLIFE LIMITED,894.76,1523,Small
532839,DISH TV INDIA LTD.,893.78,1524,Small
532902,CONSOLIDATED CONSTRUCTION CONS,892.59,1525,Small
507836,MAC CHARLES (INDIA) LTD.,889.47,1526,Small
519152,VADILAL ENTERPRISES LTD.,888.79,1527,Small
543931,VEEFIN SOLUTIONS LIMITED,888.37,1528,Small
532515,TV TODAY NETWORK LTD.,888.03,1529,Small
541269,Chemfab Alkalis Ltd,885.62,1530,Small
526725,SANDESH LTD.,885.35,1531,Small
531357,MERCURY EV-TECH LIMITED,876.61,1532,Small
523160,MORGANITE CRUCIBLE (INDIA) LTD,876.22,1533,Small
506260,ANUH PHARMA LTD.,876.19,1534,Small
543898,BEML Land Assets Limited,875.12,1535,Small
513554,MAHAMAYA STEEL INDUSTRIES LTD.,874.32,1536,Small
532467,HAZOOR MULTI PROJECTS LTD.,874.18,1537,Small
500119,DHAMPUR SUGAR MILLS LTD.,872.79,1538,Small
533285,RDB INFRASTRUCTURE AND POWER L,870.82,1539,Small
532323,SHIVA CEMENT LTD.,870.23,1540,Small
544516,AIRFLOA RAIL TECHNOLOGY LIMITE,868.55,1541,Small
532532,JAIPRAKASH ASSOCIATES LTD.,859.52,1542,Small
520059,MUNJAL AUTO INDUSTRIES LTD.,855.23,1543,Small
540649,AVADH SUGAR & ENERGY LIMITED,854.55,1544,Small
524774,NGL FINE-CHEM LTD.,852.68,1545,Small
538635,SNOWMAN LOGISTICS LTD,852.04,1546,Small
537259,SUYOG TELEMATICS LTD,850.79,1547,Small
506808,TUTICORIN ALKALI CHEMICALS AND,849.70,1548,Small
540311,JITF INFRALOGISTICS LIMITED,845.96,1549,Small
533336,DHUNSERI INVESTMENTS LTD.,844.92,1550,Small
544149,KRYSTAL INTEGRATED SERVICES LI,843.91,1551,Small
513121,ORICON ENTERPRISES LTD.,842.19,1552,Small
533316,STEL HOLDINGS LIMITED,840.33,1553,Small
541929,Synergy Green Industries Limit,838.81,1554,Small
512229,VERITAS (INDIA) LTD.,838.27,1555,Small
524212,WANBURY LTD.,835.69,1556,Small
543233,Chemcon Speciality Chemicals L,834.15,1557,Small
530803,Bhageria Industries Limited,831.45,1558,Small
520119,AUTOMOTIVE STAMPINGS & ASSEMBL,830.10,1559,Small
526885,SARLA PERFORMANCE FIBERS LTD.,829.54,1560,Small
540061,Bigbloc Construction Limited,828.29,1561,Small
539436,Coffee Day Enterprises Limited,827.76,1562,Small
543978,Ratnaveer Precision Engineerin,827.48,1563,Small
522122,VOITH PAPER FABRICS INDIA LTD.,824.40,1564,Small
544563,Zelio E Mobility Limited,819.28,1565,Small
511333,VLS FINANCE LTD.,818.92,1566,Small
544666,GUJARAT KIDNEY AND SUPER SPECI,817.60,1567,Small
507155,JAGATJIT INDUSTRIES LTD.,815.01,1568,Small
532503,RAJAPALAYAM MILLS LTD.,813.34,1569,Small
531978,AMBIKA COTTON MILLS LTD.,810.66,1570,Small
523796,VICEROY HOTELS LTD.,809.69,1571,Small
504132,PERMANENT MAGNETS LTD.,809.45,1572,Small
530499,A.K.CAPITAL SERVICES LTD.,807.55,1573,Small
532893,VTM LTD.,807.38,1574,Small
543831,Bright Outdoor Media Limited,806.40,1575,Small
544296,NISUS FINANCE SERVICES CO LIMI,805.34,1576,Small
523329,ELDECO HOUSING & INDUSTRIES LT,805.14,1577,Small
524342,INDO BORAX & CHEMICALS LTD.,804.53,1578,Small
544562,Advance Agrolife Limited,804.22,1579,Small
539843,NINtec Systems Limited,801.54,1580,Small
524370,BODAL CHEMICALS LTD.,799.80,1581,Small
539400,MALLCOM (INDIA) LTD.,799.54,1582,Small
544135,Mukka Proteins Limited,799.28,1583,Small
506687,TRANSPEK INDUSTRY LTD.,793.71,1584,Small
544058,Credo Brands Marketing Limited,792.46,1585,Small
543954,Allcargo Terminals Limited,792.13,1586,Small
526668,KAMAT HOTELS (INDIA) LTD.,791.72,1587,Small
526775,VALIANT COMMUNICATIONS LTD.,787.49,1588,Small
539201,SATIA INDUSTRIES LIMITED,787.18,1589,Small
532610,DWARIKESH SUGAR INDUSTRIES LTD,787.11,1590,Small
533193,KIRLOSKAR ELECTRIC COMPANY LTD,787.01,1591,Small
542383,Ritco Logistics Limited,786.73,1592,Small
532741,Kamdhenu Limited,786.05,1593,Small
500296,NAHAR SPINNING MILLS LTD.,785.97,1594,Small
539151,Arfin India Limited,784.63,1595,Small
506532,NITTA GELATIN INDIA LTD.,781.16,1596,Small
505358,INTEGRA ENGINEERING INDIA LTD.,778.93,1597,Small
540692,Apex Frozen Foods Limited,778.33,1598,Small
524280,KOPRAN LTD.,777.89,1599,Small
519421,KSE LTD.,775.77,1600,Small
540650,Magadh Sugar & Energy Limited,774.42,1601,Small
542721,Anand Rayons Limited,772.92,1602,Small
544458,SHREE REFRIGERATIONS LIMITED,772.21,1603,Small
544487,PATEL RETAIL LIMITED,771.84,1604,Small
533022,20 MICRONS LTD.,771.22,1605,Small
503169,RUBY MILLS LTD.,767.54,1606,Small
543918,GHCL Textiles Limited,767.50,1607,Small
531359,SHRIRAM ASSET MANAGEMENT CO.LT,767.22,1608,Small
530845,SUNSHIELD CHEMICALS LTD.,764.89,1609,Small
512531,STATE TRADING CORPORATION OF I,763.85,1610,Small
534675,PROZONE REALTY LIMITED,763.30,1611,Small
517166,SPEL SEMICONDUCTOR LTD.,763.06,1612,Small
531241,LINC LIMITED,762.28,1613,Small
543955,Transindia Real Estate Limited,760.01,1614,Small
531771,SHRADDHA PRIME PROJECTS LTD,759.98,1615,Small
512453,SHRI JAGDAMBA POLYMERS LTD.,758.20,1616,Small
533470,RUSHIL DECOR LTD.,753.68,1617,Small
543599,Ksolves India Limited,753.62,1618,Small
523850,AXTEL INDUSTRIES LTD.,753.29,1619,Small
538451,WORTH INVESTMENT & TRADING CO,752.67,1620,Small
544465,LAXMI INDIA FINANCE LIMITED,752.54,1621,Small
532764,GEECEE VENTURES LIMITED,752.06,1622,Small
500193,HLV LIMITED,751.12,1623,Small
544406,UNIFIED DATA TECH SOLUTIONS LI,745.42,1624,Small
530023,THE INVESTMENT TRUST OF INDIA,743.27,1625,Small
517556,PVP VENTURES LTD.,741.61,1626,Small
542684,Prakash Pipes Limited,740.40,1627,Small
500350,RSWM LTD.,734.14,1628,Small
506405,DMCC SPECIALITY CHEMICALS LIMI,732.99,1629,Small
531035,ERAAYA LIFESPACES LIMITED,732.07,1630,Small
539148,Shivalik Rasayan Ltd.,727.49,1631,Small
544136,R K Swamy Limited,726.61,1632,Small
523391,NAHAR POLYFILMS LTD.,726.47,1633,Small
532348,SUBEX LTD.,723.65,1634,Small
526953,VENUS REMEDIES LTD.,723.31,1635,Small
532993,SEJAL GLASS LIMITED,722.74,1636,Small
538598,VISHAL FABRICS LTD,722.74,1637,Small
543688,Sarveshwar Foods Limited,722.49,1638,Small
543787,Macfos Limited,722.47,1639,Small
540358,RMC SWITCHGEARS LIMITED,722.23,1640,Small
532794,ZEE MEDIA CORPORATION LIMITED,718.92,1641,Small
532687,REPRO INDIA LTD.,718.84,1642,Small
542351,Gloster Ltd,717.96,1643,Small
517344,MINDTECK (INDIA) LTD.,717.07,1644,Small
516082,N.R.AGARWAL INDUSTRIES LTD.,717.02,1645,Small
544497,ANLON HEALTHCARE LIMITED,716.91,1646,Small
541276,HARDWYN INDIA LIMITED,714.59,1647,Small
511421,PINE ANIMATION LIMITED,709.12,1648,Small
543591,DREAMFOLKS SERVICES LIMITED,707.83,1649,Small
500240,KINETIC ENGINEERING LTD.,707.54,1650,Small
517536,ONWARD TECHNOLOGIES LTD.,705.06,1651,Small
544354,SOLARIUM GREEN ENERGY LIMITED,704.90,1652,Small
532310,SHREE RAMA MULTI-TECH LTD.,704.87,1653,Small
512014,SOBHAGYA MERCHANTILE LTD.,702.16,1654,Small
532141,ANDHRA CEMENTS LTD.,699.78,1655,Small
524330,JAYANT AGRO-ORGANICS LTD.,698.94,1656,Small
532475,APTECH LTD.,696.93,1657,Small
544262,Manba Finance Limited,695.73,1658,Small
543378,CWD Limited,695.49,1659,Small
532906,MAAN ALUMINIUM LTD.,694.82,1660,Small
532737,EMKAY GLOBAL FINANCIAL SERVICE,694.58,1661,Small
538772,Niyogin Fintech Limited,693.38,1662,Small
526987,URJA GLOBAL LTD.,692.73,1663,Small
540735,IRIS RegTech Solutions Limited,689.59,1664,Small
509055,VISAKA INDUSTRIES LTD.,689.04,1665,Small
532305,IND-SWIFT LABORATORIES LTD.,685.87,1666,Small
532780,PARSVNATH DEVELOPERS LTD.,684.69,1667,Small
509635,HINDUSTAN COMPOSITES LTD.,683.53,1668,Small
532700,ENTERTAINMENT NETWORK (INDIA),683.02,1669,Small
516030,PAKKA LIMITED,682.97,1670,Small
500173,GFL LIMITED,680.87,1671,Small
523828,MENON BEARINGS LTD.,680.62,1672,Small
524717,TITAN BIOTECH LTD.,677.99,1673,Small
530067,CSL Finance Limited,677.52,1674,Small
500279,MIRC ELECTRONICS LTD.,674.66,1675,Small
543828,SUDARSHAN PHARMA INDUSTRIES LI,673.43,1676,Small
526817,CHEVIOT CO.LTD.,671.95,1677,Small
539195,POCL ENTERPRISES LTD,671.35,1678,Small
540737,Shree Ganesh Remedies Limited,670.77,1679,Small
543895,Exhicon Events Media Solutions,669.07,1680,Small
512025,BANGANGA PAPER INDUSTRIES LIMI,667.15,1681,Small
540497,S Chand And Company Limited,666.47,1682,Small
539300,SUNRAKSHAKK INDUSTRIES INDIA L,665.64,1683,Small
526423,KRITI INDUSTRIES (INDIA) LTD.,665.10,1684,Small
506166,APIS INDIA LTD.,664.84,1685,Small
524500,KILITCH DRUGS (INDIA) LTD.,664.06,1686,Small
520086,SICAL LOGISTICS LTD.,663.82,1687,Small
523411,ADC INDIA COMMUNICATIONS LIMIT,663.00,1688,Small
543324,Gretex Corporate Services Limi,662.88,1689,Small
544276,Deepak Builders and Engineers,658.21,1690,Small
507552,FOODS & INNS LTD.,655.23,1691,Small
504864,ORISSA SPONGE IRON & STEEL LTD,653.59,1692,Small
504731,AZAD INDIA MOBILITY LIMITED,649.90,1693,Small
500023,ASIAN HOTELS (NORTH) LIMITED,649.88,1694,Small
539730,Fredun Pharmaceuticals Limited,647.62,1695,Small
504605,UNI ABEX ALLOY PRODUCTS LTD.,645.35,1696,Small
522134,ARTSON LIMITED,645.04,1697,Small
515008,MODERN INSULATORS LTD.,644.56,1698,Small
500153,GANESH BENZOPLAST LTD.,644.50,1699,Small
544432,Indogulf Cropsciences Limited,643.36,1700,Small
544404,BORANA WEAVES LIMITED,640.42,1701,Small
532016,ESPIRE HOSPITALITY LIMITED,639.31,1702,Small
509874,SHALIMAR PAINTS LTD.,638.52,1703,Small
543218,SURATWWALA BUSINESS GROUP LIMI,636.18,1704,Small
544254,Tolins Tyres Limited,635.30,1705,Small
509525,EMPIRE INDUSTRIES LTD.,634.89,1706,Small
544557,Glottis Limited,632.83,1707,Small
543363,Prevest Denpro Limited,632.79,1708,Small
532944,ONMOBILE,632.64,1709,Small
509709,INTERNATIONAL CONVEYORS LTD.,629.10,1710,Small
544451,MONIKA ALCOBEV LIMITED,628.14,1711,Small
542231,Nila Spaces Ltd,623.95,1712,Small
542770,Alphalogic Techsys Limited,623.68,1713,Small
521194,SIL INVESTMENTS LTD.,621.75,1714,Small
534425,SPECIALITY RESTAURANTS LTD.,619.50,1715,Small
544278,OCCL Limited,615.77,1716,Small
502958,LAKSHMI MILLS COMPANY LTD.,611.49,1717,Small
504240,DELTON CABLES LTD.,610.36,1718,Small
542670,Artemis Electricals and Projec,608.55,1719,Small
532782,SUTLEJ TEXTILES & INDUSTRIES L,607.94,1720,Small
543539,MODI'S NAVNIRMAN LIMITED,607.87,1721,Small
533284,RPP INFRA PROJECTS LTD.,606.15,1722,Small
539594,Mishtann Foods Limited,605.85,1723,Small
506852,Primo Chemicals Limited,605.67,1724,Small
543969,Pyramid Technoplast Limited,605.24,1725,Small
524316,HINDUSTAN PHOTO FILMS MFG.CO.L,602.60,1726,Small
539276,Kaya Limited,599.27,1727,Small
544187,KRONOX LAB SCIENCES LIMITED,596.73,1728,Small
511702,YOGI LIMITED,593.85,1729,Small
543732,Radiant Cash Management Servic,593.70,1730,Small
533217,HINDUSTAN MEDIA VENTURES LTD.,592.99,1731,Small
526586,WIM PLAST LTD.,592.93,1732,Small
533704,ESSAR SHIPPING LTD.,592.31,1733,Small
537750,KIRAN VYAPAR LTD,588.39,1734,Small
543416,Zodiac Energy Limited,588.26,1735,Small
533208,EMAMI PAPER MILLS LTD.,587.83,1736,Small
533152,MBL Infrastructure Ltd,586.01,1737,Small
538716,Aryaman Capital Markets Limite,584.39,1738,Small
517214,DIGISPICE TECHNOLOGIES LIMITED,584.37,1739,Small
519003,MODI NATURALS LIMITED,580.35,1740,Small
543373,Shri Venkatesh Refineries Limi,577.61,1741,Small
532662,HT MEDIA LTD.,577.11,1742,Small
532987,RANE BRAKE LINING LTD.,575.53,1743,Small
539986,Commercial Syn Bags Limited,574.27,1744,Small
532011,VASHU BHAGNANI INDUSTRIES LIMI,574.25,1745,Small
531638,SURAJ LTD.,573.57,1746,Small
515147,HALDYN GLASS LTD,572.95,1747,Small
543624,MAAGH ADVERTISING AND MARKETIN,571.98,1748,Small
526582,TPL PLASTECH LTD.,570.59,1749,Small
531889,INTEGRATED INDUSTRIES LIMITED,566.23,1750,Small
522650,BEMCO HYDRAULICS LTD.,565.90,1751,Small
505720,Hercules Investments Limited,563.73,1752,Small
544060,RBZ Jewellers Limited,563.55,1753,Small
544477,Highway Infrastructure Limited,562.74,1754,Small
544347,CLN ENERGY LIMITED,562.56,1755,Small
523558,SWISS MILITARY CONSUMER GOODS,561.32,1756,Small
502420,ORIENT PAPER & INDUSTRIES LTD.,561.23,1757,Small
504176,HIGH ENERGY BATTERIES (INDIA),560.82,1758,Small
524037,RAMA PHOSPHATES LTD.,560.82,1759,Small
532708,GVK POWER & INFRASTRUCTURE LTD,559.17,1760,Small
526596,LIBERTY SHOES LTD.,558.10,1761,Small
541741,Fratelli Vineyards Limited,556.12,1762,Small
539399,Bella Casa Fashion & Retail Li,555.89,1763,Small
511082,MAA JAGDAMBE TRADELINKS LIMITE,552.50,1764,Small
544543,BMW VENTURES LIMITED,551.36,1765,Small
505232,VELJAN DENISON LIMITED,545.09,1766,Small
523269,ADVANI HOTELS & RESORTS (INDIA,544.46,1767,Small
543593,Dhampur Bio Organics Limited,543.51,1768,Small
526530,IIRM HOLDINGS INDIA LIMITED,541.89,1769,Small
514238,MKVENTURES CAPITAL LIMITED,541.70,1770,Small
530163,KERALA AYURVEDA LTD.,541.19,1771,Small
520043,MUNJAL SHOWA LTD.,539.60,1772,Small
530129,NILE LTD.,539.42,1773,Small
543638,Tracxn Technologies Limited,539.39,1774,Small
512626,ORBIT EXPORTS LTD.,539.07,1775,Small
535601,SREELEATHERS LTD.,538.93,1776,Small
513511,PANCHMAHAL STEEL LTD.,537.50,1777,Small
523792,MAZDA LTD.,535.95,1778,Small
522217,GUJARAT APOLLO INDUSTRIES LTD.,534.70,1779,Small
532721,VISA STEEL LTD.,533.54,1780,Small
526407,HAMPTON SKY REALTY LIMITED,533.43,1781,Small
520151,TRANSWORLD SHIPPING LINES LIMI,533.37,1782,Small
509220,PTL ENTERPRISES LTD.,532.98,1783,Small
500298,Naperol Investments Limited,532.83,1784,Small
544531,TRUE COLORS LIMITED,527.39,1785,Small
514183,BLACK ROSE INDUSTRIES LTD.,525.45,1786,Small
504220,W.S.INDUSTRIES (INDIA) LTD.,522.83,1787,Small
511589,AVONMORE CAPITAL & MANAGEMENT,522.47,1788,Small
544610,WORKMATES CORE2CLOUD SOLUTION,522.12,1789,Small
544272,SHIV TEXCHEM LIMITED,521.56,1790,Small
524542,SUKHJIT STARCH & CHEMICALS LTD,517.60,1791,Small
524731,JENBURKT PHARMACEUTICALS LTD.,516.36,1792,Small
544273,MANGALAM GLOBAL ENTERPRISE LIM,516.29,1793,Small
512519,DONEAR INDUSTRIES LTD.,515.14,1794,Small
524480,RIDDHI SIDDHI GLUCO BIOLS LTD.,513.44,1795,Small
533982,TERA SOFTWARE LTD.,512.69,1796,Small
506261,MODISON LIMITED,511.50,1797,Small
524129,VINYL CHEMICALS (INDIA) LTD.,510.89,1798,Small
544461,Euro Panel Products Limited,510.62,1799,Small
530477,VIKRAM THERMO (INDIA) LTD.,509.73,1800,Small
500089,DIC INDIA LTD.,508.27,1801,Small
544499,Career Point Edutech Limited,507.09,1802,Small
540652,Captain Technocast Limited,506.04,1803,Small
526642,MIRZA INTERNATIONAL LTD.,505.83,1804,Small
540403,CL Educate Limited,504.21,1805,Small
523710,SAYAJI HOTELS LTD.,503.65,1806,Small
543915,Pavna Industries Limited,503.42,1807,Small
519136,NAHAR INDUSTRIAL ENTERPRISES L,502.38,1808,Small
543470,SoftTech Engineers Limited,502.03,1809,Small
532173,CYBERTECH SYSTEMS AND SOFTWARE,501.57,1810,Small
531146,MEDICAMEN BIOTECH LTD.,498.81,1811,Small
538446,MONEYBOXX FINANCE LIMITED,497.43,1812,Small
541358,UNIFINZ CAPITAL INDIA LIMITED,496.13,1813,Small
500179,HCL INFOSYSTEMS LTD.,495.78,1814,Small
530299,KOTHARI PRODUCTS LTD.,494.78,1815,Small
502865,FORBES & COMPANY LTD.,494.08,1816,Small
544204,VRAJ IRON AND STEEL LIMITED,491.36,1817,Small
531225,XTGLOBAL INFOTECH LIMITED,490.89,1818,Small
519397,SHARAT INDUSTRIES LTD.,490.68,1819,Small
530363,UGAR SUGAR WORKS LTD.,490.50,1820,Small
543497,Bhatia Colour Chem Limited,490.27,1821,Small
504786,INVESTMENT & PRECISION CASTING,489.83,1822,Small
526961,LAST MILE ENTERPRISES LIMITED,489.81,1823,Small
523023,SINCLAIRS HOTELS LTD.,488.88,1824,Small
543267,Davangere Sugar Company Limite,488.57,1825,Small
522004,BATLIBOI LTD.,485.99,1826,Small
531910,Madhuveer Com 18 Network Limit,485.36,1827,Small
514354,PREMIER POLYFILM LTD.,485.20,1828,Small
543917,SIGMA SOLVE LIMITED,485.15,1829,Small
526263,MOLD-TEK TECHNOLOGIES LTD.,484.89,1830,Small
532641,NANDAN DENIM LIMITED,484.75,1831,Small
532935,ARIES AGRO LTD.,484.71,1832,Small
533941,THOMAS SCOTT (INDIA) LIMITED,483.73,1833,Small
532952,NAHAR CAPITAL & FINANCIAL SERV,483.21,1834,Small
539528,AAYUSH WELLNESS LIMITED,481.99,1835,Small
507779,KANPUR PLASTIPACK LTD.,479.65,1836,Small
542337,Spencer's Retail Limited,478.98,1837,Small
530929,RRP DEFENSE LIMITED,477.65,1838,Small
504879,ORIENT CERATECH LIMITED,477.58,1839,Small
526159,NIKHIL ADHESIVES LTD.,477.53,1840,Small
535667,INDIA FINSEC LTD.,477.34,1841,Small
523648,PLASTIBLENDS INDIA LTD.,476.94,1842,Small
543829,Global Surfaces Limited,475.83,1843,Small
500060,Birla Cable Limited,475.39,1844,Small
500284,LORDS CHLORO ALKALI LTD.,475.16,1845,Small
544001,Sunita Tools Limited,474.98,1846,Small
544434,Neetu Yoshi Limited,474.86,1847,Small
544502,Amanta Healthcare Limited,474.06,1848,Small
532654,MCLEOD RUSSEL INDIA LTD.,473.09,1849,Small
512361,CUPID BREWERIES AND DISTILLERI,470.62,1850,Small
511766,MUTHOOT CAPITAL SERVICES LTD.,470.60,1851,Small
522017,FLUIDOMAT LTD.,470.37,1852,Small
536264,TIGER LOGISTICS (INDIA) LTD,470.10,1853,Small
526721,NICCO PARKS & RESORTS LTD.,469.62,1854,Small
544332,FABTECH TECHNOLOGIES CLEANROOM,469.34,1855,Small
542232,Shankar Lal Rampal Dye-Chem Li,468.63,1856,Small
531652,UVS HOSPITALITY AND SERVICES L,468.38,1857,Small
543986,South West Pinnacle Exploratio,468.30,1858,Small
524075,ALBERT DAVID LTD.,467.88,1859,Small
505729,SINGER INDIA LTD.,464.74,1860,Small
504959,STOVEC INDUSTRIES LTD.,463.88,1861,Small
500356,SHREE RAMA NEWSPRINT LTD.,463.65,1862,Small
544504,GOEL CONSTRUCTION COMPANY LIMI,463.58,1863,Small
514316,RAGHUVIR SYNTHETICS LTD.,463.53,1864,Small
533210,KRITI NUTRIENTS LTD,462.69,1865,Small
534680,SRG HOUSING FINANCE LTD.,462.23,1866,Small
544450,CHEMBOND CHEMICALS LIMITED,454.39,1867,Small
517449,MAGNA ELECTRO CASTINGS LTD.,453.46,1868,Small
532829,LEHAR FOOTWEARS LIMITED,451.78,1869,Small
543782,Sealmatic India Limited,451.25,1870,Small
543998,Valiant Laboratories Limited,451.04,1871,Small
533218,EMAMI REALTY LIMITED,449.75,1872,Small
544541,SYSTEMATIC INDUSTRIES LIMITED,449.50,1873,Small
532932,MANAKSIA LTD.,448.95,1874,Small
531537,MIZZEN VENTURES LIMITED,448.08,1875,Small
544100,Nova Agritech Limited,445.91,1876,Small
500500,HINDUSTAN MOTORS LTD.,445.09,1877,Small
514418,MANGALAM ORGANICS LIMITED,445.07,1878,Small
543515,Sunrise Efficient Marketing Li,443.57,1879,Small
530919,REMSONS INDUSTRIES LTD.,442.65,1880,Small
513532,PRADEEP METALS LTD.,442.57,1881,Small
500012,ANDHRA PETROCHEMICALS LTD.,442.30,1882,Small
531161,ABM KNOWLEDGEWARE LTD.,441.80,1883,Small
536974,CAPTAIN POLYPLAST LTD,440.67,1884,Small
544424,GLOBE CIVIL PROJECTS LIMITED,440.66,1885,Small
540775,Khadim India Limited,439.41,1886,Small
532022,FILATEX FASHIONS LTD.,439.26,1887,Small
543926,Bizotic Commercial Limited,439.24,1888,Small
500456,PASUPATI ACRYLON LTD.,439.19,1889,Small
514286,ASHIMA LTD.,438.81,1890,Small
503722,BANSWARA SYNTEX LTD.,438.19,1891,Small
517273,S&S POWER SWITCHGEAR LTD.,436.65,1892,Small
543433,HP Adhesives Limited,434.87,1893,Small
532738,TwamevConstruction and Infrast,434.75,1894,Small
500367,RUBFILA INTERNATIONAL LTD.,433.84,1895,Small
513361,India Homes Limited,433.68,1896,Small
538961,GENUS PAPER & BOARDS LIMITED,432.52,1897,Small
504028,GEE LTD.,430.55,1898,Small
530365,ORIENT BELL LIMITED,430.17,1899,Small
543901,ROBUST HOTELS LIMITED,429.74,1900,Small
540730,Mehai Technology Limited,428.38,1901,Small
526179,LUDLOW JUTE & SPECIALITIES LTD,425.32,1902,Small
500166,GOODRICKE GROUP LTD.,424.70,1903,Small
538715,Dhabriya Polywood Limited,422.96,1904,Small
544547,Jinkushal Industries Limited,422.69,1905,Small
531694,RAINBOW FOUNDATIONS LTD.,421.12,1906,Small
533270,BEDMUTHA INDUSTRIES LTD.,420.40,1907,Small
533252,WELSPUN INVESTMENTS AND COMMER,419.27,1908,Small
532329,DANLAW TECHNOLOGIES INDIA LTD.,418.14,1909,Small
522014,UNITED DRILLING TOOLS LTD.,416.70,1910,Small
530377,NILA INFRASTRUCTURES LTD.,416.66,1911,Small
544513,Dev Accelerator Limited,415.42,1912,Small
540726,Trident Texofab Limited,412.35,1913,Small
506528,KELTECH ENERGIES LTD.,412.22,1914,Small
532980,GOKUL REFOILS & SOLVENT LTD.,408.91,1915,Small
505750,JOSTS ENGINEERING CO.LTD.,407.49,1916,Small
509567,GOA CARBON LTD.,406.99,1917,Small
526935,ARUNIS ABODE LIMITED,406.51,1918,Small
532785,RUCHIRA PAPERS LTD.,406.34,1919,Small
539044,Manaksia Steels Limited,403.75,1920,Small
532907,IL&FS ENGINEERING AND CONSTRUC,403.57,1921,Small
530145,KISAN MOULDINGS LTD.,403.44,1922,Small
543210,Aarti Surfactants Limited,403.09,1923,Small
532713,SAKUMA EXPORTS LTD.,403.08,1924,Small
544670,BAI-KAKAJI POLYMERS LIMITED,402.83,1925,Small
544435,ADCOUNTY MEDIA INDIA LIMITED,402.81,1926,Small
542655,VIKAS LIFECARE LIMITED,402.19,1927,Small
512393,SHARDUL SECURITIES LTD.,402.13,1928,Small
532694,BARTRONICS INDIA LTD.,401.95,1929,Small
543668,B&B Triplewall Containers Limi,401.49,1930,Small
523754,MAHINDRA EPC IRRIGATION LIMITE,400.71,1931,Small
543442,Brand Concepts Limited,399.83,1932,Small
544219,VVIP Infratech Limited,399.34,1933,Small
501295,INDUSTRIAL INVESTMENT TRUST LT,399.20,1934,Small
532707,DYNEMIC PRODUCTS LTD.,399.08,1935,Small
539834,Balgopal Commercial limited,398.08,1936,Small
514010,RUDRA ECOVATION LIMITED,396.55,1937,Small
532666,FCS SOFTWARE SOLUTIONS LTD.,395.60,1938,Small
541400,ZIM Laboratories Limited,394.72,1939,Small
518091,ANJANI PORTLAND CEMENT LTD.,394.06,1940,Small
514175,VARDHMAN POLYTEX LTD.,392.19,1941,Small
500313,OIL COUNTRY TUBULAR LTD.,391.01,1942,Small
544091,Qualitek Labs Limited,390.67,1943,Small
514274,VARVEE GLOBAL LIMITED,389.56,1944,Small
532628,3I INFOTECH LTD.,387.53,1945,Small
532774,Inspirisys Solutions Limited,387.20,1946,Small
532617,JET AIRWAYS (INDIA) LTD.,386.69,1947,Small
543636,Dc Infotech and Communication,386.63,1948,Small
543543,B-RIGHT REALESTATE LIMITED,385.59,1949,Small
532712,RELIANCE COMMUNICATIONS LTD.,385.18,1950,Small
524790,EVEREST ORGANICS LTD.,384.13,1951,Small
544023,Kalyani Cast-Tech Limited,383.80,1952,Small
531525,ACE SOFTWARE EXPORTS LTD.,382.89,1953,Small
532776,SHIVAM AUTOTECH LTD.,382.48,1954,Small
524444,EVEXIA LIFECARE LIMITED,381.05,1955,Small
543746,LOGICA INFOWAY LIMITED,380.86,1956,Small
541353,Innovators Facade Systems Limi,380.13,1957,Small
540937,MEDICO REMEDIES LIMITED,379.99,1958,Small
544249,SHREE TIRUPATI BALAJEE AGRO TR,378.76,1959,Small
517172,Pervasive Commodities Limited,378.29,1960,Small
533543,BROOKS LABORATORIES LTD.,377.49,1961,Small
543715,Indiabulls Enterprises Limited,376.65,1962,Small
541701,Supershakti Metaliks Limited,375.88,1963,Small
532740,LOKESH MACHINES LTD.,375.15,1964,Small
531281,MARBLE CITY INDIA LIMITED,374.38,1965,Small
544657,Pajson Agro India Limited,373.80,1966,Small
544524,JD CABLES LIMITED,372.17,1967,Small
532649,NECTAR LIFESCIENCES LTD.,369.81,1968,Small
509470,BOMBAY OXYGEN INVESTMENTS LIMI,369.04,1969,Small
543327,Exxaro Tiles Limited,368.94,1970,Small
530627,Vipul Organics Limited,368.82,1971,Small
500074,BPL LTD.,368.57,1972,Small
505850,MANGAL CREDIT AND FINCORP LTD.,368.20,1973,Small
505854,TRF LTD.,367.53,1974,Small
523373,MINI DIAMONDS (INDIA) LTD.,367.30,1975,Small
543930,Uravi Defence and Technology L,366.78,1976,Small
544568,DSM Fresh Foods Limited,366.75,1977,Small
530215,KINGS INFRA VENTURES LIMITED,366.63,1978,Small
500213,INTERNATIONAL TRAVEL HOUSE LTD,366.33,1979,Small
531364,Ekansh Concepts Limited,365.96,1980,Small
504084,KAYCEE INDUSTRIES LTD.,365.95,1981,Small
540679,HALEOS LABS LIMITED,365.32,1982,Small
500467,HARRISONS MALAYALAM LTD.,364.50,1983,Small
532853,ASAHI SONGWON COLORS LTD.,363.92,1984,Small
544626,EXATO TECHNOLOGIES LIMITED,363.19,1985,Small
544213,AELEA COMMODITIES LIMITED,363.08,1986,Small
537785,RACE ECO CHAIN LIMITED,361.03,1987,Small
506525,KANORIA CHEMICALS & INDUSTRIES,360.61,1988,Small
544453,Monarch Surveyors and Engineer,359.10,1989,Small
539518,Uday Jewellery Industries Limi,358.82,1990,Small
531082,ALANKIT,356.27,1991,Small
544346,RDB Real Estate Constructions,356.03,1992,Small
542679,Dhanashree Electronics Limited,354.72,1993,Small
543364,Markolines Pavement Technologi,354.71,1994,Small
511754,SHALIBHADRA FINANCE LTD.,354.42,1995,Small
543958,VL E-Governance & IT Solutions,354.06,1996,Small
532344,SOFTSOL INDIA LTD.,353.59,1997,Small
530961,Vikas EcoTech Limited,352.58,1998,Small
543962,D.P. WIRES LIMITED,352.50,1999,Small
512296,BHAGYANAGAR INDIA LTD.,351.99,2000,Small
